,data,SO2_c,CO_c,NO2_c,PM10_c,O3_c,SO2_ldv,CO_ldv,NO2_ldv,PM10_ldv,O3_ldv
0,2017-01-01,0.027,0.093,0.59,3.0,0.37,0.028654098360655737,0.039,0.27,1.1,0.16
1,2017-01-02,0.016,0.036,0.4,0.44,0.39,0.028654098360655737,0.039,0.27,0.36,0.19
2,2017-01-03,0.011,0.015,0.37,0.23,0.45,0.028654098360655737,0.039,0.35,0.15,0.47
3,2017-01-04,0.016,0.021,0.44,0.25,0.29,0.028654098360655737,0.053,0.45,0.23,0.31
4,2017-01-05,0.017,0.048,0.47,0.33,0.16,0.028654098360655737,0.061,0.33,0.31,0.23
5,2017-01-06,0.023,0.065,0.48,0.48,0.31,0.028654098360655737,0.077,0.43,0.44,0.35
6,2017-01-07,0.02,0.052,0.39,0.37,0.28,0.028654098360655737,0.051,0.31,0.37,0.25
7,2017-01-08,0.025,0.075,0.67,0.63,0.43,0.028654098360655737,0.061,0.45,0.56,0.49
8,2017-01-09,0.039,0.08,0.6,0.55,0.35,0.028654098360655737,0.079,0.45,0.52,0.45
9,2017-01-10,0.041,0.1,0.57,0.68,0.28,0.028654098360655737,0.11,0.49,0.68,0.24
10,2017-01-11,0.028,0.047,0.45,0.35,0.37,0.028654098360655737,0.069,0.44,0.36,0.33
11,2017-01-12,0.029,0.075,0.51,0.55,0.24,0.028654098360655737,0.096,0.37,0.71,0.25
12,2017-01-13,0.023,0.043,0.59,0.36,0.49,0.028654098360655737,0.048,0.53,0.52,0.49
13,2017-01-14,0.027,0.055,0.55,0.44,0.51,0.028654098360655737,0.075,0.52,0.59,0.41
14,2017-01-15,0.016,0.039,0.43,0.25,0.43,0.028654098360655737,0.049,0.51,0.35,0.44
15,2017-01-16,0.027,0.027,0.56,0.23,0.45,0.028654098360655737,0.052,0.67,0.47,0.48
16,2017-01-17,0.015,0.027,0.51,0.17,0.43,0.028654098360655737,0.051,0.47,0.2,0.45
17,2017-01-18,0.02,0.027,0.45,0.19,0.41,0.028654098360655737,0.048,0.4,0.19,0.45
18,2017-01-19,0.024,0.035,0.48,0.27,0.43,0.028654098360655737,0.056,0.43,0.33,0.51
19,2017-01-20,0.041,0.079,0.59,0.6,0.4,0.01,0.092,0.53,0.69,0.37
20,2017-01-21,0.045,0.085,0.65,0.61,0.31,0.028654098360655737,0.088,0.56,0.68,0.27
21,2017-01-22,0.019,0.093,0.67,0.65,0.48,0.028654098360655737,0.11,0.48,0.71,0.55
22,2017-01-23,0.02,0.043,0.52,0.36,0.57,0.028654098360655737,0.053,0.45,0.33,0.56
23,2017-01-24,0.035,0.095,0.64,0.65,0.41,0.028654098360655737,0.1,0.55,0.73,0.4
24,2017-01-25,0.023,0.087,0.75,0.76,0.51,0.028654098360655737,0.088,0.53,0.89,0.49
25,2017-01-26,0.013,0.053,0.56,0.55,0.52,0.028654098360655737,0.045,0.45,0.52,0.68
26,2017-01-27,0.01,0.023,0.52,0.25,0.47,0.028654098360655737,0.063,0.52,0.25,0.56
27,2017-01-28,0.017,0.043,0.56,0.33,0.48,0.028654098360655737,0.059,0.53,0.32,0.48
28,2017-01-29,0.013,0.023,0.35,0.21,0.49,0.028654098360655737,0.037,0.23,0.17,0.57
29,2017-01-30,0.013,0.024,0.4,0.17,0.49,0.028654098360655737,0.061,0.33,0.23,0.55
30,2017-01-31,0.011,0.02,0.47,0.16,0.55,0.028654098360655737,0.029,0.45,0.12,0.56
31,2017-02-01,0.013,0.036,0.43,0.23,0.41,0.028654098360655737,0.059,0.55,0.31,0.47
32,2017-02-02,0.013,0.023,0.24,0.33,0.55,0.028654098360655737,0.02,0.21,0.31,0.64
33,2017-02-03,0.016,0.017,0.37,0.56,0.69,0.028654098360655737,0.024,0.23,0.45,0.69
34,2017-02-04,0.01,0.015,0.24,0.55,0.69,0.028654098360655737,0.029,0.24,0.55,0.65
35,2017-02-05,0.01,0.013,0.087,0.33,0.72,0.028654098360655737,0.029,0.16,0.31,0.68
36,2017-02-06,0.016,0.02,0.36,0.31,0.64,0.028654098360655737,0.021,0.24,0.35,0.61
37,2017-02-07,0.02,0.015,0.32,0.33,0.57,0.028654098360655737,0.037,0.53,0.31,0.56
38,2017-02-08,0.028,0.032,0.53,0.36,0.61,0.028654098360655737,0.032,0.59,0.36,0.56
39,2017-02-09,0.027,0.053,0.53,0.45,0.59,0.028654098360655737,0.06,0.48,0.53,0.48
40,2017-02-10,0.016,0.033,0.27,0.27,0.71,0.028654098360655737,0.032,0.31,0.2,0.69
41,2017-02-11,0.027,0.056,0.59,0.41,0.53,0.028654098360655737,0.057,0.47,0.23,0.52
42,2017-02-12,0.012,0.027,0.29,0.2,0.47,0.028654098360655737,0.044,0.29,0.23,0.48
43,2017-02-13,0.02,0.032,0.37,0.12,0.45,0.028654098360655737,0.059,0.32,0.16,0.49
44,2017-02-14,0.015,0.02,0.43,0.2,0.56,0.028654098360655737,0.047,0.27,0.16,0.57
45,2017-02-15,0.053,0.033,0.45,0.27,0.45,0.025,0.052,0.35,0.23,0.53
46,2017-02-16,0.036,0.071,0.65,0.44,0.55,0.028654098360655737,0.067,0.52,0.43,0.47
47,2017-02-17,0.041,0.063,0.73,0.44,0.68,0.028654098360655737,0.043,0.53,0.44,0.55
48,2017-02-18,0.035,0.069,0.65,0.56,0.57,0.028654098360655737,0.057,0.61,0.45,0.57
49,2017-02-19,0.011,0.033,0.4,0.2,0.56,0.028654098360655737,0.035,0.35,0.25,0.57
50,2017-02-20,0.019,0.04,0.43,0.28,0.49,0.028654098360655737,0.033,0.35,0.23,0.53
51,2017-02-21,0.039,0.06,0.61,0.35,0.41,0.028654098360655737,0.068,0.56,0.47,0.41
52,2017-02-22,0.033,0.071,0.64,0.49,0.37,0.028654098360655737,0.065,0.51,0.57,0.44
53,2017-02-23,0.031,0.067,0.59,0.43,0.28,0.028654098360655737,0.056,0.49,0.48,0.36
54,2017-02-24,0.027,0.045,0.29,0.31,0.44,0.01,0.048,0.39,0.31,0.45
55,2017-02-25,0.023,0.051,0.56,0.32,0.49,0.028654098360655737,0.037,0.48,0.31,0.51
56,2017-02-26,0.019,0.037,0.33,1.1,0.6,0.028654098360655737,0.04,0.35,0.28,0.65
57,2017-02-27,0.013,0.025,0.17,0.17,0.57,0.028654098360655737,0.031,0.24,0.2,0.68
58,2017-02-28,0.01,0.027,0.17,0.24,0.63,0.028654098360655737,0.023,0.21,0.23,0.68
59,2017-03-01,0.023,0.045,0.49,0.33,0.48,0.028654098360655737,0.047,0.4,0.31,0.51
60,2017-03-02,0.023,0.044,0.35,0.15,0.49,0.028654098360655737,2.1,0.24,0.11,0.59
61,2017-03-03,0.013,0.048,0.32,0.13,0.53,0.028654098360655737,0.019,0.28,0.063,0.71
62,2017-03-04,0.012,0.036,0.37,0.17,0.53,0.028654098360655737,0.02,0.32,0.19,0.53
63,2017-03-05,0.01,0.032,0.27,0.2,0.56,0.028654098360655737,0.016,0.21,0.15,0.64
64,2017-03-06,0.011,0.025,0.16,0.35,0.52,0.028654098360655737,0.024,0.33,0.39,0.59
65,2017-03-07,0.017,0.048,0.45,0.47,0.47,0.028654098360655737,0.032,0.36,0.45,0.51
66,2017-03-08,0.023,0.06,0.48,0.33,0.32,0.028654098360655737,0.02,0.37,0.48,0.36
67,2017-03-09,0.039,0.071,0.57,0.44,0.39,0.028654098360655737,0.019,0.37,0.19,0.44
68,2017-03-10,0.031,0.077,0.93,0.53,0.65,0.028654098360655737,0.04,0.67,0.37,0.6
69,2017-03-11,0.02,0.067,0.69,0.44,0.65,0.028654098360655737,0.032,0.72,0.47,0.64
70,2017-03-12,0.011,0.041,0.41,0.32,0.57,0.028654098360655737,0.043,0.32,0.31,0.63
71,2017-03-13,0.011,0.027,0.21,0.37,0.57,0.028654098360655737,0.035,0.4,0.27,0.63
72,2017-03-14,0.011,0.031,0.33,0.2,0.51,0.028654098360655737,0.029,0.32,0.17,0.56
73,2017-03-15,0.023,0.045,0.51,0.31,0.45,0.028654098360655737,0.029,0.53,0.28,0.57
74,2017-03-16,0.036,0.06,0.75,0.49,0.63,0.01,0.029,0.56,0.45,0.64
75,2017-03-17,0.041,0.061,0.73,0.53,0.72,0.01,0.028,0.56,0.44,0.75
76,2017-03-18,0.029,0.06,0.64,0.49,0.56,0.011,0.024,0.61,0.59,0.65
77,2017-03-19,0.016,0.067,0.49,0.52,0.57,0.01,0.033,0.41,0.47,0.68
78,2017-03-20,0.016,0.045,0.24,0.24,0.55,0.01,0.019,0.27,0.27,0.64
79,2017-03-21,0.01,0.049,0.35,0.27,0.59,0.028654098360655737,0.013,0.33,0.23,0.6
80,2017-03-22,0.01,0.032,0.16,0.23,0.61,0.028654098360655737,0.013,0.27,0.17,0.65
81,2017-03-23,0.015,0.043,0.45,0.12,0.61,0.01,0.013,0.43,0.15,0.57
82,2017-03-24,0.015,0.047,0.51,0.19,0.59,0.01,0.02,0.43,0.25,0.59
83,2017-03-25,0.024,0.06,0.61,0.41,0.51,0.01,0.021,0.45,0.41,0.56
84,2017-03-26,0.011,0.048,0.24,0.2,0.55,0.01,0.015,0.35,0.17,0.65
85,2017-03-27,0.019,0.043,0.27,0.23,0.65,0.01,0.015,0.27,0.12,0.73
86,2017-03-28,0.015,0.044,0.29,0.28,0.56,0.01,0.015,0.21,0.24,0.71
87,2017-03-29,0.021,0.041,0.27,0.23,0.64,0.01,0.015,0.43,0.19,0.76
88,2017-03-30,0.019,0.052,0.65,0.35,0.57,0.01,0.015,0.35,0.21,0.71
89,2017-03-31,0.036,0.051,0.49,0.25,0.65,0.011,0.024,0.33,0.17,0.79
90,2017-04-01,0.011,0.047,0.25,0.29,0.61,0.01,0.024,0.4,0.25,0.63
91,2017-04-02,0.013,0.043,0.35,0.2,0.64,0.01,0.019,0.29,0.17,0.68
92,2017-04-03,0.036,0.059,0.56,0.31,0.61,0.013,0.027,0.48,0.27,0.68
93,2017-04-04,0.036,0.064,0.69,0.41,0.59,0.02,0.033,0.56,0.31,0.64
94,2017-04-05,0.015,0.052,0.29,0.21,0.57,0.023,0.032,0.44,0.2,0.51
95,2017-04-06,0.013,0.019,0.37,0.2,0.6,0.015,0.013,0.35,0.16,0.6
96,2017-04-07,0.024,0.035,0.48,0.36,0.57,0.017,0.013,0.37,0.25,0.56
97,2017-04-08,0.028,0.056,0.64,0.36,0.63,0.025,0.015,0.43,0.33,0.57
98,2017-04-09,0.024,0.049,0.51,0.49,0.91,0.027,0.019,0.53,0.52,0.85
99,2017-04-10,0.02,0.047,0.56,0.36,0.88,0.021,0.013,0.43,0.35,0.85
100,2017-04-11,0.033,0.048,0.61,0.39,0.81,0.031,0.013,0.61,0.36,0.79
101,2017-04-12,0.041,0.055,0.69,0.51,0.77,0.025,0.013,0.61,0.49,0.75
102,2017-04-13,0.027,0.059,0.55,0.41,0.84,0.031,0.017,0.55,0.45,0.77
103,2017-04-14,0.015,0.036,0.12,0.32,0.73,0.023,0.016,0.16,0.32,0.75
104,2017-04-15,0.011,0.032,0.2,0.2,0.56,0.015,0.017,0.19,0.15,0.55
105,2017-04-16,0.019,0.04,0.36,0.27,0.61,0.017,0.016,0.29,0.25,0.61
106,2017-04-17,0.017,0.041,0.4,0.28,0.57,0.023,0.032,0.37,0.31,0.61
107,2017-04-18,0.021,0.047,0.45,0.36,0.65,0.023,0.039,0.37,0.41,0.64
108,2017-04-19,0.025,0.051,0.48,0.39,0.55,0.035,0.043,0.43,0.32,0.53
109,2017-04-20,0.015,0.04,0.59,0.51,0.57,0.023,0.015,0.48,0.32,0.61
110,2017-04-21,0.02,0.06,1.1,0.49,0.6,0.024,0.015,0.55,0.39,0.65
111,2017-04-22,0.031,0.055,0.93,0.48,0.85,0.025,0.036,0.4,0.36,0.76
112,2017-04-23,0.023,0.055,0.48,0.41,0.91,0.028,0.037,0.27,0.4,0.95
113,2017-04-24,0.032,0.059,1.0,0.49,0.93,0.031,0.048,0.43,0.47,0.95
114,2017-04-25,0.012,0.057,0.31,0.4,0.73,0.023,0.055,0.29,0.39,0.71
115,2017-04-26,0.015,0.039,0.27,0.4,0.69,0.024,0.04,0.24,0.29,0.63
116,2017-04-27,0.011,0.032,0.45,0.28,0.59,0.02,0.013,0.43,0.23,0.61
117,2017-04-28,0.011,0.037,0.55,0.28,0.63,0.024,0.013,0.21,0.17,0.61
118,2017-04-29,0.027,0.049,0.95,0.33,0.71,0.041,0.013,0.31,0.24,0.69
119,2017-04-30,0.015,0.044,0.33,0.35,0.69,0.031,0.023,0.12,0.28,0.72
120,2017-05-01,0.011,0.036,0.36,0.31,0.72,0.028,0.021,0.17,0.17,0.69
121,2017-05-02,0.025,0.044,0.8,0.28,0.71,0.027,0.029,0.33,0.21,0.69
122,2017-05-03,0.036,0.053,0.91,0.39,0.61,0.031,0.045,0.37,0.23,0.6
123,2017-05-04,0.023,0.055,1.2,0.52,0.84,0.036,0.055,0.49,0.25,0.72
124,2017-05-05,0.024,0.043,0.51,0.48,0.97,0.041,0.021,0.32,0.35,0.84
125,2017-05-06,0.015,0.044,0.45,0.19,0.53,0.027,0.024,0.13,0.075,0.63
126,2017-05-07,0.011,0.041,0.37,0.16,0.51,0.028654098360655737,0.03117955326460481,0.345640625,0.32883419689119175,0.5225107480653483
127,2017-05-08,0.039,0.052,0.88,0.31,0.71,0.028654098360655737,0.03117955326460481,0.345640625,0.32883419689119175,0.5225107480653483
128,2017-05-09,0.057,0.056,1.1,0.49,0.67,0.1,0.028,0.45,0.51,0.48
129,2017-05-10,0.025,0.051,0.49,0.48,0.51,0.053,0.029,0.21,0.44,0.52
130,2017-05-11,0.023,0.048,0.45,0.25,0.63,0.039,0.013,0.13,0.12,0.68
131,2017-05-12,0.012,0.045,0.77,0.17,0.52,0.037,0.013,0.37,0.12,0.56
132,2017-05-13,0.025,0.045,0.41,0.23,0.52,0.035,0.015,0.17,0.2,0.52
133,2017-05-14,0.01,0.041,0.27,0.23,0.51,0.032,0.02,0.11,0.15,0.55
134,2017-05-15,0.015,0.043,0.56,0.28,0.41,0.031,0.029,0.32,0.15,0.49
135,2017-05-16,0.045,0.053,0.56,0.32,0.41,0.041,0.039,0.31,0.28,0.37
136,2017-05-17,0.02,0.055,0.32,0.28,0.32,0.041,0.039,0.27,0.25,0.33
137,2017-05-18,0.016,0.045,0.69,0.17,0.57,0.039,0.044,0.32,0.6,0.56
138,2017-05-19,0.015,0.049,0.67,0.17,0.56,0.036,0.029,0.25,0.15,0.55
139,2017-05-20,0.017,0.043,0.43,0.24,0.61,0.041,0.017,0.21,0.15,0.59
140,2017-05-21,0.017,0.059,0.77,0.25,0.52,0.041,0.031,0.28,0.23,0.56
141,2017-05-22,0.019,0.048,0.61,0.35,0.69,0.045,0.032,0.27,0.39,0.76
142,2017-05-23,0.024,0.049,0.68,0.33,0.47,0.049,0.033,0.31,0.25,0.48
143,2017-05-24,0.041,0.065,0.83,0.43,0.76,0.092,0.055,0.53,0.41,0.69
144,2017-05-25,0.023,0.056,0.6,0.43,1.0,0.049,0.049,0.35,0.41,0.92
145,2017-05-26,0.019,0.39,0.4,0.36,0.63,0.068,0.06,0.45,0.41,0.63
146,2017-05-27,0.013,0.32,0.35,0.31,0.63,0.041,0.039,0.28,0.33,0.57
147,2017-05-28,0.011,0.02,0.19,0.31,0.59,0.041,0.031,0.25,0.28,0.59
148,2017-05-29,0.013,0.023,0.29,0.21,0.44,0.039,0.033,0.23,0.17,0.43
149,2017-05-30,0.015,0.024,0.29,0.33,0.45,0.041,0.043,0.23,0.17,0.43
150,2017-05-31,0.041,0.032,0.37,0.33,0.45,0.053,0.055,0.32,0.28,0.47
151,2017-06-01,0.028,0.033,0.28,0.41,0.55,0.049,0.06,0.29,0.33,0.53
152,2017-06-02,0.041,0.028,0.31,0.36,0.56,0.045,0.083,0.24,0.32,0.52
153,2017-06-03,0.023,0.028,0.13,0.25,0.39,0.049,0.051,0.24,0.23,0.39
154,2017-06-04,0.039,0.019,0.13,0.17,0.55,0.057,0.013,0.27,0.16,0.53
155,2017-06-05,0.019,0.027,0.33,0.24,0.57,0.041,0.013,0.27,0.29,0.56
156,2017-06-06,0.016,0.027,0.19,0.2,0.41,0.045,0.017,0.28,0.2,0.48
157,2017-06-07,0.049,0.035,0.37,0.33,0.49,0.049,0.019,0.28,0.25,0.52
158,2017-06-08,0.045,0.037,0.51,0.44,0.49,0.049,0.02,0.36,0.32,0.52
159,2017-06-09,0.012,0.036,0.16,0.17,0.39,0.045,0.029,0.21,0.2,0.37
160,2017-06-10,0.02,0.029,0.25,0.27,0.44,0.045,0.031,0.29,0.2,0.41
161,2017-06-11,0.021,0.027,0.16,0.23,0.35,0.045,0.027,0.21,0.17,0.37
162,2017-06-12,0.019,0.045,0.19,0.28,0.44,0.049,0.02,0.24,0.23,0.43
163,2017-06-13,0.024,0.059,0.4,0.39,0.55,0.053,0.029,0.4,0.32,0.56
164,2017-06-14,0.045,0.059,0.48,0.36,0.52,0.065,0.045,0.43,0.33,0.52
165,2017-06-15,0.029,0.057,0.27,0.39,0.48,0.061,0.048,0.35,0.4,0.51
166,2017-06-16,0.027,0.064,0.37,0.39,0.71,0.057,0.045,0.35,0.25,0.63
167,2017-06-17,0.065,0.068,0.67,0.41,0.79,0.065,0.057,0.4,0.41,0.68
168,2017-06-18,0.02,0.061,0.45,0.43,0.89,0.061,0.061,0.49,0.4,0.84
169,2017-06-19,0.053,0.063,0.59,0.49,0.85,0.084,0.065,0.51,0.39,0.89
170,2017-06-20,0.065,0.095,0.77,0.71,0.71,0.088,0.047,0.65,0.65,0.71
171,2017-06-21,0.037,0.092,0.44,0.68,1.0,0.068,0.045,0.45,0.47,0.81
172,2017-06-22,0.017,0.049,0.2,0.49,0.49,0.053,0.027,0.25,0.47,0.44
173,2017-06-23,0.029,0.047,0.32,0.4,0.44,0.061,0.019,0.29,0.41,0.39
174,2017-06-24,0.035,0.1,0.37,0.83,0.43,0.065,0.047,0.33,0.81,0.41
175,2017-06-25,0.033,0.087,0.2,0.39,0.4,0.072,0.035,0.23,0.36,0.41
176,2017-06-26,0.019,0.048,0.29,0.39,0.56,0.057,0.017,0.35,0.28,0.52
177,2017-06-27,0.019,0.052,0.21,0.31,0.15,0.053,0.019,0.31,0.23,0.53
178,2017-06-28,0.01,0.053,0.21,0.2,0.39,0.053,0.024,0.23,0.21,0.33
179,2017-06-29,0.012,0.044,0.21,0.33,0.41,0.053,0.025,0.27,0.24,0.41
180,2017-06-30,0.013,0.044,0.27,0.24,0.37,0.049,0.016,0.27,0.24,0.4
181,2017-07-01,0.032,0.045,0.35,0.79,0.45,0.049,0.015,0.24,0.21,0.43
182,2017-07-02,0.019,0.056,0.4,2.3,0.4,0.049,0.031,0.21,0.15,0.43
183,2017-07-03,0.023,0.076,0.48,3.0,0.45,0.053,0.056,0.37,0.17,0.52
184,2017-07-04,0.024,0.08,0.68,1.0,0.69,0.057,0.057,0.45,0.68,0.72
185,2017-07-05,0.035,0.085,0.45,3.0,0.68,0.068,0.075,0.41,0.31,0.75
186,2017-07-06,0.027,0.057,0.35,3.0,0.27,0.057,0.052,0.27,0.25,0.32
187,2017-07-07,0.015,0.053,0.29,0.33,0.48,0.061,0.055,0.39,0.23,0.39
188,2017-07-08,0.035,0.061,0.45,0.33,0.56,0.028654098360655737,0.073,0.52,0.25,0.52
189,2017-07-09,0.013,0.055,0.19,0.53,0.64,0.028654098360655737,0.065,0.41,0.24,0.64
190,2017-07-10,0.021,0.043,0.16,0.39,0.44,0.01,0.052,0.27,0.25,0.44
191,2017-07-11,0.053,0.051,0.36,0.31,0.37,0.035,0.033,0.43,0.25,0.37
192,2017-07-12,0.033,0.051,0.13,0.25,0.37,0.023,0.035,0.31,0.23,0.41
193,2017-07-13,0.027,0.051,0.24,0.23,0.37,0.01,0.036,0.51,0.28,0.37
194,2017-07-14,0.019,0.049,0.27,0.23,0.56,0.028654098360655737,0.036,2.0,0.45,0.53
195,2017-07-15,0.031,0.052,0.19,0.25,0.68,0.028654098360655737,0.028,0.27,0.2,0.69
196,2017-07-16,0.027,0.057,0.53,0.28,0.88,0.01,0.029,0.31,0.24,0.93
197,2017-07-17,0.017,0.063,0.35,0.33,0.64,0.013,0.028,0.53,0.57,0.72
198,2017-07-18,0.013,0.051,0.21,0.32,0.6,0.028654098360655737,0.032,0.19,0.31,0.63
199,2017-07-19,0.015,0.053,0.21,0.31,0.61,0.028654098360655737,0.021,0.27,0.25,0.71
200,2017-07-20,0.019,0.049,0.24,0.17,0.37,0.028654098360655737,0.027,0.31,0.33,0.36
201,2017-07-21,0.035,0.047,0.32,0.44,0.4,0.021,0.019,0.37,0.2,0.41
202,2017-07-22,0.016,0.048,0.13,0.28,0.36,0.01,0.019,0.16,0.25,0.35
203,2017-07-23,0.027,0.049,0.23,0.23,0.37,0.01,0.02,0.19,0.25,0.43
204,2017-07-24,0.023,0.048,0.13,0.19,0.36,0.01,0.019,0.21,0.15,0.39
205,2017-07-25,0.068,0.036,0.15,0.2,0.51,0.01,0.019,0.21,0.13,0.48
206,2017-07-26,0.031,0.035,0.25,0.17,0.59,0.01,0.024,0.32,0.23,0.59
207,2017-07-27,0.024,0.035,0.24,0.23,0.37,0.01,0.024,0.25,0.16,0.41
208,2017-07-28,0.015,0.036,0.31,0.2,0.25,0.011,0.013,0.35,0.11,0.25
209,2017-07-29,0.013,0.039,0.23,0.12,0.47,0.01,0.016,0.35,0.12,0.49
210,2017-07-30,0.01,0.036,0.11,0.97,0.35,0.028654098360655737,0.016,0.2,0.12,0.35
211,2017-07-31,0.019,0.035,0.25,0.17,0.39,0.019,0.016,0.29,0.29,0.43
212,2017-08-01,0.023,0.041,0.27,0.23,0.37,0.02,0.017,0.29,0.24,0.4
213,2017-08-02,0.025,0.043,0.33,0.19,0.43,0.013,0.017,0.4,0.19,0.45
214,2017-08-03,0.016,0.039,0.21,0.13,0.36,0.028654098360655737,0.019,0.19,0.089,0.35
215,2017-08-04,0.011,0.043,0.24,0.27,0.37,0.028654098360655737,0.033,0.27,0.15,0.32
216,2017-08-05,0.01,0.048,0.13,0.19,0.24,0.028654098360655737,0.039,0.21,0.15,0.41
217,2017-08-06,0.01,0.052,0.093,0.13,0.37,0.028654098360655737,0.031,0.067,0.11,0.39
218,2017-08-07,0.035,0.053,0.32,0.17,0.51,0.01,0.037,0.29,0.21,0.53
219,2017-08-08,0.02,0.052,0.33,0.19,0.45,0.01,0.037,0.32,0.27,0.43
220,2017-08-09,0.015,0.043,0.16,0.2,0.45,0.01,0.015,0.28,0.16,0.45
221,2017-08-10,0.012,0.043,0.15,0.28,0.52,0.028654098360655737,0.013,0.24,0.16,0.51
222,2017-08-11,0.015,0.051,0.37,0.23,0.44,0.028654098360655737,0.013,0.43,0.21,0.48
223,2017-08-12,0.037,0.061,0.56,0.35,0.68,0.01,0.023,0.51,0.2,0.69
224,2017-08-13,0.021,0.063,0.45,0.33,0.73,0.01,0.031,0.4,0.32883419689119175,0.8
225,2017-08-14,0.021,0.063,0.56,0.29,0.75,0.023,0.039,0.64,0.25,0.79
226,2017-08-15,0.015,0.053,0.16,0.21,0.4,0.011,0.037,0.23,0.24,0.43
227,2017-08-16,0.019,0.049,0.21,0.13,0.43,0.028654098360655737,0.035,0.32,0.15,0.45
228,2017-08-17,0.02,0.051,0.19,0.17,0.39,0.015,0.015,0.29,0.13,0.43
229,2017-08-18,0.029,0.052,0.21,0.17,0.23,0.012,0.016,0.27,0.16,0.31
230,2017-08-19,0.013,0.055,0.24,0.2,0.48,0.028654098360655737,0.017,0.27,0.16,0.48
231,2017-08-20,0.017,0.052,0.27,0.23,0.57,0.01,0.015,0.11,0.15,0.59
232,2017-08-21,0.036,0.083,0.69,0.51,0.83,0.016,0.11,0.59,0.13,0.88
233,2017-08-22,0.023,0.085,0.33,0.65,0.64,0.017,0.013,0.49,0.089,0.69
234,2017-08-23,0.024,0.056,0.31,0.28,0.48,0.011,0.013,0.32,0.47,0.56
235,2017-08-24,0.029,0.059,0.32,0.31,0.28,0.016,0.013,0.37,0.41,0.37
236,2017-08-25,0.019,0.059,0.24,0.29,0.35,0.011,0.015,0.29,0.48,0.37
237,2017-08-26,0.029,0.059,0.4,0.23,0.43,0.021,0.015,0.35,0.43,0.41
238,2017-08-27,0.023,0.059,0.29,0.19,0.41,0.01,0.013,0.35,0.13,0.48
239,2017-08-28,0.021,0.061,0.35,0.24,0.39,0.01,0.013,0.37,0.2,0.39
240,2017-08-29,0.027,0.064,0.4,0.25,0.49,0.016,0.015,0.59,0.25,0.56
241,2017-08-30,0.017,0.065,0.35,0.31,0.44,0.013,0.015,0.51,0.36,0.37
242,2017-08-31,0.01,0.065,0.25,0.23,0.35,0.01,0.015,0.36,0.24,0.35
243,2017-09-01,0.039,0.056,0.21,0.2,0.57,0.01,0.013,0.48,0.13,0.51
244,2017-09-02,0.015,0.061,0.25,0.25,0.59,0.028654098360655737,0.013,0.27,0.21,0.55
245,2017-09-03,0.024,0.073,0.49,0.25,0.59,0.015,0.013,0.45,0.21,0.63
246,2017-09-04,0.017,0.068,0.24,0.2,0.45,0.01,0.027,0.35,0.2,0.49
247,2017-09-05,0.017,0.063,0.28,0.13,0.35,0.01,0.028,0.36,0.12,0.32
248,2017-09-06,0.013,0.064,0.37,0.16,0.37,0.012,0.023,0.43,0.24,0.4
249,2017-09-07,0.015,0.048,0.4,0.33,0.47,0.01,0.02,0.37,0.28,0.43
250,2017-09-08,0.016,0.023,0.53,0.36,0.52,0.016,0.02,0.59,0.36,0.52
251,2017-09-09,0.019,0.023,0.25,0.39,0.43,0.033,0.021,0.35,0.29,0.43
252,2017-09-10,0.013,0.013,0.24,0.2,0.45,0.01,0.021,0.093,0.17,0.47
253,2017-09-11,0.011,0.013,0.24,0.51,0.43,0.01,0.016,0.32,0.17,0.44
254,2017-09-12,0.021,0.017,0.35,0.29,0.39,0.01,0.017,0.41,0.29,0.39
255,2017-09-13,0.015,0.023,0.35,0.24,0.25,0.01,0.019,0.35,0.2,0.23
256,2017-09-14,0.015,0.023,0.29,0.27,0.25,0.01,0.019,0.37,0.23,0.32
257,2017-09-15,0.01,0.013,0.29,0.28,0.52,0.013,0.013,0.33,0.24,0.45
258,2017-09-16,0.011,0.015,0.29,0.2,0.43,0.01,0.013,0.31,0.15,0.4
259,2017-09-17,0.011,0.015,0.31,0.16,0.49,0.01,0.013,0.2,0.12,0.52
260,2017-09-18,0.015,0.02,0.4,0.2,0.49,0.01,0.019,0.4,0.13,0.52
261,2017-09-19,0.02,0.024,0.37,0.31,0.37,0.01,0.024,0.37,0.23,0.37
262,2017-09-20,0.023,0.031,0.35,0.35,0.39,0.01,0.023,0.43,0.33,0.36
263,2017-09-21,0.016,0.031,0.36,0.29,0.44,0.019,0.025,0.48,0.23,0.48
264,2017-09-22,0.02,0.028,0.4,0.23,0.31,0.01,0.027,0.4,0.39,0.36
265,2017-09-23,0.019,0.04,0.59,0.33,0.47,0.019,0.044,0.53,0.37,0.48
266,2017-09-24,0.011,0.019,0.37,0.29,0.47,0.021,0.035,0.41,0.27,0.48
267,2017-09-25,0.02,0.024,0.43,0.29,0.35,0.011,0.049,0.37,0.21,0.35
268,2017-09-26,0.013,0.024,0.32,0.29,0.41,0.015,0.049,0.48,0.31,0.44
269,2017-09-27,0.015,0.025,0.51,0.29,0.49,0.015,0.023,0.51,0.33,0.52
270,2017-09-28,0.011,0.021,0.35,0.31,0.57,0.027,0.015,0.45,0.25,0.41
271,2017-09-29,0.015,0.023,0.25,0.28,0.35,0.015,0.013,0.4,0.27,0.32
272,2017-09-30,0.015,0.023,0.35,0.25,0.29,0.015,0.015,0.45,0.31,0.31
273,2017-10-01,0.011,0.015,0.24,0.23,0.55,0.017,0.017,0.33,0.23,0.55
274,2017-10-02,0.016,0.029,0.29,0.29,0.39,0.015,0.036,0.35,0.45,0.41
275,2017-10-03,0.013,0.029,0.27,0.28,0.01,0.025,0.051,0.37,0.25,0.31
276,2017-10-04,0.032,0.031,0.45,0.35,0.44,0.024,0.029,0.45,0.39,0.4
277,2017-10-05,0.015,0.032,0.49,0.33,0.65,0.015,0.031,0.59,0.33,0.55
278,2017-10-06,0.16,0.095,0.64,0.6,0.57,0.039,0.021,0.55,0.57,0.41
279,2017-10-07,0.045,0.088,0.85,0.64,0.75,0.037,0.021,0.69,0.47,0.63
280,2017-10-08,0.015,0.036,0.69,0.39,0.73,0.013,0.013,0.59,0.31,0.68
281,2017-10-09,0.053,0.053,0.84,0.53,0.88,0.017,0.017,0.61,0.65,0.83
282,2017-10-10,0.035,0.053,0.85,0.55,0.89,0.039,0.021,0.75,0.68,0.73
283,2017-10-11,0.036,0.056,0.83,0.61,0.93,0.027,0.025,0.69,0.59,0.71
284,2017-10-12,0.039,0.052,0.56,0.68,0.44,0.019,0.021,0.48,1.2,0.37
285,2017-10-13,0.049,0.041,0.72,0.52,0.56,0.02,0.017,0.51,0.52,0.52
286,2017-10-14,0.068,0.051,0.69,0.57,0.77,0.039,0.02,0.75,0.47,0.68
287,2017-10-15,0.061,0.055,0.96,0.96,0.77,0.049,0.028,0.85,0.71,0.69
288,2017-10-16,0.21,1.0,0.89,3.0,0.83,0.13,0.57,0.37,3.0,0.57
289,2017-10-17,0.027,0.088,0.51,0.52,0.44,0.041,0.041,0.37,0.51,0.28
290,2017-10-18,0.011,0.083,0.4,0.31,0.48,0.041,0.033,0.39,0.32,0.48
291,2017-10-19,0.013,0.033,0.51,0.28,0.48,0.053,0.013,0.43,0.23,0.43
292,2017-10-20,0.011,0.035,0.44,0.2,0.29,0.031,0.015,0.35,0.15,0.33
293,2017-10-21,0.011,0.033,0.35,0.28,0.52,0.028654098360655737,0.01,0.11,0.089,0.12
294,2017-10-22,0.011,0.028,0.37,0.33,0.57,0.013,0.015,0.37,0.33,0.49
295,2017-10-23,0.023,0.035,0.4,0.28,0.59,0.013,0.013,0.35,0.21,0.51
296,2017-10-24,0.033,0.061,0.61,0.41,0.53,0.024,0.021,0.45,0.31,0.32
297,2017-10-25,0.041,0.057,0.85,0.41,0.65,0.024,0.017,0.72,0.29,0.52
298,2017-10-26,0.041,0.051,0.85,0.53,0.73,0.02,0.024,0.64,0.36,0.56
299,2017-10-27,0.036,0.051,0.73,0.41,0.56,0.036,0.039,0.59,0.35,0.43
300,2017-10-28,0.072,0.056,0.64,0.48,0.24,0.027,0.13,0.55,0.41,0.29
301,2017-10-29,0.029,0.056,0.51,0.48,0.39,0.031,0.073,0.47,0.31,0.41
302,2017-10-30,0.02,0.028,0.43,0.25,0.57,0.031,0.037,0.4,0.28,0.49
303,2017-10-31,0.017,0.036,0.45,0.2,0.44,0.033,0.055,0.45,0.23,0.35
304,2017-11-01,0.025,0.057,0.71,0.33,0.57,0.037,0.056,0.56,0.31,0.56
305,2017-11-02,0.017,0.033,0.43,0.33,0.59,0.037,0.057,0.49,0.36,0.59
306,2017-11-03,0.023,0.037,0.47,0.2,0.44,0.028,0.044,0.41,0.17,0.4
307,2017-11-04,0.016,0.035,0.36,0.12,0.39,0.035,0.021,0.45,0.12,0.36
308,2017-11-05,0.021,0.027,0.32,0.19,0.6,0.041,0.021,0.31,0.13,0.49
309,2017-11-06,0.027,0.043,0.48,0.28,0.6,0.035,0.016,0.48,0.23,0.47
310,2017-11-07,0.028,0.071,0.53,0.32,0.43,0.045,0.019,0.44,0.29,0.37
311,2017-11-08,0.025,0.045,0.45,0.32,0.48,0.041,0.013,0.49,0.28,0.43
312,2017-11-09,0.045,0.048,0.56,0.28,0.51,0.039,0.013,0.48,0.31,0.39
313,2017-11-10,0.039,0.047,0.27,0.27,0.43,0.041,0.016,0.45,0.27,0.31
314,2017-11-11,0.019,0.045,0.37,0.17,0.44,0.031,0.016,0.51,0.11,0.39
315,2017-11-12,0.037,0.072,0.59,0.39,0.55,0.033,0.015,0.45,0.06,0.44
316,2017-11-13,0.027,0.045,0.53,0.27,0.59,0.032,0.016,0.47,0.28,0.51
317,2017-11-14,0.025,0.044,0.43,0.23,0.51,0.029,0.015,0.52,0.29,0.43
318,2017-11-15,0.045,0.077,0.57,0.43,0.4,0.036,0.025,0.51,0.39,0.32
319,2017-11-16,0.053,0.076,0.64,0.48,0.45,0.072,0.024,0.56,0.67,0.35
320,2017-11-17,0.24,0.11,0.61,0.6,0.37,0.076,0.045,0.51,0.63,0.33
321,2017-11-18,0.16,0.12,0.76,0.65,0.49,0.065,0.047,0.56,0.67,0.28
322,2017-11-19,0.031,0.092,0.69,0.49,0.35,0.049,0.032,0.47,0.81,0.27
323,2017-11-20,0.041,0.072,0.59,0.39,0.37,0.045,0.013,0.44,0.36,0.48
324,2017-11-21,0.065,0.096,0.75,0.67,0.37,0.057,0.015,0.61,0.49,0.44
325,2017-11-22,0.023,0.06,0.53,0.51,0.57,0.061,0.013,0.69,0.4,0.53
326,2017-11-23,0.019,0.031,0.17,0.52,0.41,0.027,0.02,0.35,0.59,0.51
327,2017-11-24,0.023,0.036,0.48,0.27,0.4,0.02,0.045,0.51,0.29,0.43
328,2017-11-25,0.045,0.037,0.49,0.24,0.43,0.027,0.051,0.56,0.2,0.37
329,2017-11-26,0.021,0.024,0.21,0.21,0.44,0.011,0.015,0.36,0.11,0.35
330,2017-11-27,0.031,0.06,0.45,0.36,0.4,0.013,0.025,0.37,0.76,0.41
331,2017-11-28,0.041,0.1,0.56,0.48,0.36,0.031,0.053,0.48,0.52,0.28
332,2017-11-29,0.041,0.071,0.56,0.47,0.39,0.032,0.028,0.47,0.25,0.36
333,2017-11-30,0.037,0.055,0.53,0.31,0.47,0.027,0.025,0.56,0.41,0.41
334,2017-12-01,0.045,0.075,0.52,0.41,0.52,0.028,0.037,0.53,0.61,0.37
335,2017-12-02,0.036,0.065,0.51,0.33,0.53,0.02,0.016,0.48,0.79,0.32
336,2017-12-03,0.041,0.08,0.51,0.41,0.48,0.019,0.015,0.4,0.51,0.41
337,2017-12-04,0.041,0.085,0.53,0.44,0.44,0.02,0.015,0.4,0.45,0.47
338,2017-12-05,0.057,0.12,0.77,0.81,0.35,0.025,0.033,0.56,0.84,0.32
339,2017-12-06,0.049,0.11,0.71,0.71,0.45,0.025,0.071,0.59,0.8,0.35
340,2017-12-07,0.035,0.084,0.53,0.84,0.45,0.024,0.045,0.48,0.79,0.51
341,2017-12-08,0.017,0.063,0.47,0.39,0.36,0.023,0.053,0.4,0.55,0.36
342,2017-12-09,0.017,0.064,0.36,0.31,0.43,0.019,0.067,0.37,0.28,0.36
343,2017-12-10,0.013,0.047,0.21,0.37,0.57,0.02,0.061,0.27,0.39,0.52
344,2017-12-11,0.01,0.035,0.27,0.25,0.67,0.025,0.017,0.39,0.23,0.59
345,2017-12-12,0.032,0.075,0.56,0.36,0.48,0.031,0.017,0.57,0.4,0.29
346,2017-12-13,0.015,0.063,0.4,0.23,0.49,0.021,0.016,0.36,0.15,0.43
347,2017-12-14,0.01,0.048,0.29,0.23,0.51,0.02,0.017,0.36,0.19,0.45
348,2017-12-15,0.023,0.045,0.67,0.24,0.57,0.023,0.021,0.53,0.27,0.49
349,2017-12-16,0.045,0.088,0.48,0.49,0.56,0.019,0.027,0.44,0.52,0.31
350,2017-12-17,0.028,0.069,0.43,0.31,0.44,0.017,0.024,0.43,0.45,0.32
351,2017-12-18,0.035,0.089,0.51,0.39,0.43,0.017,0.013,0.4,0.37,0.4
352,2017-12-19,0.068,0.15,0.69,0.67,0.29,0.031,0.023,0.48,0.63,0.21
353,2017-12-20,0.032,0.093,0.53,0.47,0.28,0.025,0.015,0.45,0.51,0.25
354,2017-12-21,0.039,0.1,0.53,0.71,0.19,0.036,0.016,0.48,0.67,0.17
355,2017-12-22,0.072,0.12,0.67,0.81,0.32,0.031,0.017,0.53,0.81,0.28
356,2017-12-23,0.049,0.12,0.6,0.81,0.2,0.041,0.013,0.53,0.79,0.16
357,2017-12-24,0.029,0.1,0.53,0.51,0.24,0.032,0.013,0.35,0.47,0.27
358,2017-12-25,0.036,0.099,0.51,0.47,0.47,0.037,0.013,0.37,0.53,0.44
359,2017-12-26,0.019,0.06,0.45,0.25,0.6,0.029,0.013,0.4,0.23,0.52
360,2017-12-27,0.016,0.048,0.56,0.4,0.65,0.023,0.013,0.44,0.36,0.57
361,2017-12-28,0.012,0.06,0.44,0.28,0.51,0.017,0.013,0.43,0.25,0.37
362,2017-12-29,0.025,0.079,0.53,0.47,0.56,0.02,0.027,0.48,0.55,0.51
363,2017-12-30,0.011,0.045,0.27,0.25,0.53,0.017,0.017,0.25,0.24,0.47
364,2017-12-31,0.011,0.043,0.17,0.16,0.64,0.016,0.013,0.27,0.12,0.56
365,2018-01-01,0.023,0.059,0.51,0.68,0.65,0.016,0.015,0.48,0.55,0.55
366,2018-01-02,0.012,0.04,0.11,0.32,0.61,0.013,0.013,0.24,0.41,0.55
367,2018-01-03,0.011,0.043,0.15,0.19,0.52,0.024,0.019,0.28,0.17,0.44
368,2018-01-04,0.015,0.041,0.21,0.2,0.48,0.028,0.023,0.27,0.21,0.41
369,2018-01-05,0.015,0.045,0.45,0.17,0.69,0.019,0.016,0.45,0.13,0.6
370,2018-01-06,0.02,0.056,0.43,0.25,0.59,0.02,0.016,0.49,0.23,0.45
371,2018-01-07,0.032,0.096,0.48,0.41,0.53,0.025,0.024,0.37,0.33,0.49
372,2018-01-08,0.023,0.065,0.35,0.21,0.56,0.028,0.013,0.36,0.17,0.44
373,2018-01-09,0.037,0.091,0.43,0.49,0.45,0.025,0.023,0.4,0.51,0.39
374,2018-01-10,0.021,0.08,0.49,0.33,0.56,0.024,0.019,0.43,0.31,0.53
375,2018-01-11,0.013,0.047,0.48,0.31,0.64,0.025,0.013,0.53,0.28,0.56
376,2018-01-12,0.032,0.088,0.52,0.49,0.57,0.025,0.019,0.52,0.4,0.39
377,2018-01-13,0.013,0.059,0.4,0.25,0.64,0.023,0.013,0.4,0.2,0.57
378,2018-01-14,0.017,0.064,0.45,0.2,0.45,0.023,0.013,0.37,0.21,0.43
379,2018-01-15,0.031,0.1,0.52,0.44,0.35,0.023,0.025,0.36,0.44,0.17
380,2018-01-16,0.028,0.079,0.45,0.31,0.36,0.024,0.013,0.39,0.2,0.45
381,2018-01-17,0.032,0.083,0.57,0.36,0.57,0.015,0.016,0.51,0.32,0.45
382,2018-01-18,0.049,0.11,0.6,0.77,0.55,0.023,0.017,0.53,0.49,0.39
383,2018-01-19,0.024,0.08,0.51,0.33,0.55,0.023,0.025,0.45,0.39,0.41
384,2018-01-20,0.037,0.099,0.56,0.51,0.52,0.02,0.019,0.51,0.48,0.41
385,2018-01-21,0.023,0.084,0.43,0.28,0.32,0.016,0.019,0.32,0.37,0.23
386,2018-01-22,0.015,0.072,0.43,0.13,0.43,0.017,0.021,0.4,0.25,0.35
387,2018-01-23,0.027,0.072,0.45,0.28,0.4,0.023,0.021,0.35,0.49,0.25
388,2018-01-24,0.025,0.084,0.37,0.39,0.31,0.025,0.024,0.43,0.45,0.15
389,2018-01-25,0.02,0.069,0.41,0.25,0.64,0.017,0.013,0.48,0.23,0.56
390,2018-01-26,0.037,0.081,0.59,0.27,0.55,0.02,0.013,0.53,0.32,0.43
391,2018-01-27,0.033,0.093,0.45,0.39,0.49,0.02,0.013,0.45,0.4,0.37
392,2018-01-28,0.041,0.075,0.35,0.31,0.36,0.021,0.013,0.35,0.39,0.28
393,2018-01-29,0.041,0.095,0.57,0.33,0.43,0.02,0.015,0.48,0.28,0.36
394,2018-01-30,0.049,0.12,0.64,0.53,0.36,0.025,0.021,0.53,0.53,0.32
395,2018-01-31,0.041,0.11,0.53,0.52,0.37,0.032,0.017,0.52,0.57,0.35
396,2018-02-01,0.057,0.12,0.59,0.76,0.53,0.033,0.024,0.44,0.6,0.39
397,2018-02-02,0.017,0.06,0.45,0.17,0.56,0.028,0.019,0.45,0.25,0.41
398,2018-02-03,0.045,0.11,0.51,0.44,0.49,0.025,0.055,0.44,0.65,0.37
399,2018-02-04,0.013,0.077,0.37,0.24,0.57,0.025,0.028,0.28,0.21,0.49
400,2018-02-05,0.01,0.055,0.2,0.11,0.56,0.028,0.017,0.27,0.12,0.48
401,2018-02-06,0.019,0.061,0.41,0.2,0.48,0.039,0.019,0.47,0.28,0.41
402,2018-02-07,0.024,0.061,0.29,0.17,0.52,0.036,0.016,0.43,0.2,0.37
403,2018-02-08,0.035,0.073,0.56,0.39,0.55,0.037,0.019,0.53,0.36,0.43
404,2018-02-09,0.031,0.079,0.53,0.31,0.55,0.029,0.025,0.49,0.31,0.47
405,2018-02-10,0.028,0.084,0.52,0.36,0.51,0.028,0.024,0.56,0.33,0.35
406,2018-02-11,0.016,0.075,0.35,0.23,0.57,0.024,0.013,0.21,0.23,0.48
407,2018-02-12,0.035,0.069,0.48,0.31,0.56,0.019,0.015,0.45,0.36,0.43
408,2018-02-13,0.041,0.085,0.63,0.39,0.59,0.02,0.016,0.45,0.48,0.55
409,2018-02-14,0.012,0.06,0.27,0.33,0.65,0.02,0.016,0.36,0.28,0.61
410,2018-02-15,0.011,0.063,0.29,0.081,0.55,0.017,0.023,0.37,0.048,0.52
411,2018-02-16,0.017,0.063,0.29,0.089,0.48,0.017,0.033,0.37,0.035,0.48
412,2018-02-17,0.021,0.08,0.56,0.24,0.51,0.019,0.044,0.56,0.33,0.44
413,2018-02-18,0.021,0.065,0.25,0.17,0.61,0.017,0.019,0.53,0.16,0.49
414,2018-02-19,0.023,0.083,0.39,0.21,0.51,0.019,0.015,0.56,0.17,0.43
415,2018-02-20,0.025,0.069,0.56,0.29,0.55,0.01,0.013,0.56,0.32,0.44
416,2018-02-21,0.015,0.027,0.48,0.21,0.51,0.013,0.015,0.53,0.29,0.44
417,2018-02-22,0.02,0.025,0.39,0.2,0.56,0.011,0.015,0.51,0.17,0.49
418,2018-02-23,0.023,0.048,0.52,0.43,0.64,0.012,0.02,0.65,0.36,0.51
419,2018-02-24,0.036,0.064,0.67,0.51,0.65,0.013,0.027,0.64,0.47,0.56
420,2018-02-25,0.041,0.063,0.65,0.56,0.76,0.017,0.027,0.64,0.64,0.68
421,2018-02-26,0.041,0.056,0.75,0.63,0.88,0.015,0.017,0.64,0.49,0.79
422,2018-02-27,0.041,0.072,0.81,0.79,0.69,0.021,0.015,0.67,0.84,0.56
423,2018-02-28,0.021,0.035,0.45,0.4,0.49,0.016,0.013,0.56,0.35,0.45
424,2018-03-01,0.017,0.052,0.6,0.19,0.68,0.023,0.019,0.61,0.28,0.65
425,2018-03-02,0.01,0.029,0.29,0.2,0.71,0.023,0.019,0.43,0.16,0.59
426,2018-03-03,0.011,0.027,0.19,0.21,0.76,0.017,0.013,0.39,0.21,0.69
427,2018-03-04,0.016,0.035,0.41,0.2,0.65,0.015,0.015,0.53,0.15,0.61
428,2018-03-05,0.017,0.027,0.48,0.21,0.68,0.017,0.015,0.52,0.15,0.64
429,2018-03-06,0.011,0.029,0.35,0.21,0.68,0.015,0.023,0.45,0.16,0.61
430,2018-03-07,0.023,0.029,0.48,0.23,0.64,0.033,0.032,0.55,0.19,0.55
431,2018-03-08,0.024,0.037,0.45,0.33,0.45,0.023,0.017,0.61,0.35,0.52
432,2018-03-09,0.017,0.028,0.24,0.15,0.52,0.02,0.035,0.27,0.089,0.52
433,2018-03-10,0.011,0.023,0.13,0.63,0.64,0.021,0.043,0.16,0.28,0.63
434,2018-03-11,0.01,0.023,0.12,0.36,0.64,0.01,0.032,0.11,0.31,0.67
435,2018-03-12,0.012,0.025,0.37,0.37,0.67,0.01,0.021,0.69,0.32,0.64
436,2018-03-13,0.015,0.029,0.48,0.36,0.61,0.01,0.021,0.36,0.31,0.57
437,2018-03-14,0.02,0.028,0.21,0.25,0.56,0.028654098360655737,0.03117955326460481,0.345640625,0.32883419689119175,0.5225107480653483
438,2018-03-15,0.01,0.21,0.21,0.35,0.73,0.028654098360655737,0.03117955326460481,0.345640625,0.32883419689119175,0.5225107480653483
439,2018-03-16,0.015,0.49,0.49,0.29,0.69,0.028654098360655737,0.03117955326460481,0.345640625,0.32883419689119175,0.5225107480653483
440,2018-03-17,0.012,0.015,0.37,0.23,0.6,0.028654098360655737,0.03117955326460481,0.345640625,0.32883419689119175,0.5225107480653483
441,2018-03-18,0.011,0.015,0.19,0.15,0.69,0.028654098360655737,0.03117955326460481,0.345640625,0.32883419689119175,0.5225107480653483
442,2018-03-19,0.013,0.015,0.35,0.12,0.68,0.028654098360655737,0.03117955326460481,0.345640625,0.32883419689119175,0.5225107480653483
443,2018-03-20,0.011,0.015,0.19,0.19,0.63,0.037,0.013,0.4,0.17,0.52
444,2018-03-21,0.015,0.041178327645051194,0.47,0.31,0.65,0.02,0.013,0.53,0.19,0.64
445,2018-03-22,0.029,0.039,0.48,0.36,0.61,0.027,0.013,0.72,0.21,0.53
446,2018-03-23,0.015,0.036,0.49,0.28,0.75,0.027,0.013,0.59,0.24,0.61
447,2018-03-24,0.01,0.025,0.13,0.35,0.67,0.024,0.013,0.44,0.23,0.57
448,2018-03-25,0.013,0.032,0.37,0.31,0.65,0.028654098360655737,0.03117955326460481,0.345640625,0.32883419689119175,0.5225107480653483
449,2018-03-26,0.023,0.047,0.51,0.32,0.65,0.028654098360655737,0.03117955326460481,0.345640625,0.23,0.5225107480653483
450,2018-03-27,0.02,0.044,0.29,0.29,0.69,0.025,0.013,0.45,0.25,0.59
451,2018-03-28,0.011,0.017,0.16,0.2,0.37,0.021,0.013,0.32,0.16,0.35
452,2018-03-29,0.01,0.04,0.16,0.21,0.65,0.023,0.013,0.48,0.2,0.57
453,2018-03-30,0.01,0.035,0.093,0.19,0.76,0.025,0.016,0.23,0.13,0.69
454,2018-03-31,0.01,0.035,0.21,0.28,0.75,0.027,0.015,0.48,0.23,0.67
455,2018-04-01,0.013,0.04,0.27,0.23,0.69,0.024,0.016,0.29,0.2,0.64
456,2018-04-02,0.013,0.044,0.13,0.25,0.65,0.028,0.016,0.27,0.16,0.68
457,2018-04-03,0.013,0.056,0.27,0.27,0.68,0.028,0.016,0.345640625,0.23,0.65
458,2018-04-04,0.011,0.064,0.16,0.29,0.68,0.037,0.017,0.345640625,0.28,1.1
459,2018-04-05,0.017,0.052,0.51,0.31,0.56,0.031,0.024,0.345640625,0.28,0.56
460,2018-04-06,0.02,0.055,0.27,0.2,0.64,0.027,0.016,0.345640625,0.15,0.64
461,2018-04-07,0.017,0.053,0.39,0.17,0.64,0.024,0.015,0.345640625,0.097,0.52
462,2018-04-08,0.015,0.055,0.31,0.44,0.69,0.028654098360655737,0.03117955326460481,0.345640625,0.32883419689119175,0.5225107480653483
463,2018-04-09,0.016,0.064,0.56,0.21,0.71,0.027,0.015,0.345640625,0.15,0.63
464,2018-04-10,0.011,0.064,0.37,0.2,0.77,0.039,0.019,0.67,0.2,0.73
465,2018-04-11,0.037,0.091,0.53,0.23,0.68,0.032,0.017,0.48,0.2,0.56
466,2018-04-12,0.019,0.089,0.39,0.25,0.68,0.031,0.013,0.43,0.2,0.59
467,2018-04-13,0.033,0.093,0.41,0.21,0.56,0.035,0.015,0.45,0.25,0.56
468,2018-04-14,0.017,0.093,0.32,0.24,0.64,0.031,0.015,0.43,0.24,0.53
469,2018-04-15,0.017,0.088,0.16,0.32,0.63,0.028,0.015,0.35,0.31,0.63
470,2018-04-16,0.017,0.091,0.43,0.32,0.64,0.024,0.016,0.36,0.25,0.59
471,2018-04-17,0.019,0.093,0.27,0.25,0.63,0.025,0.015,0.31,0.15,0.63
472,2018-04-18,0.02,0.087,0.44,0.37,0.51,0.024,0.028,0.39,0.35,0.56
473,2018-04-19,0.033,0.059,0.48,0.43,0.72,0.037,0.023,0.51,0.6,0.68
474,2018-04-20,0.029,0.025,0.63,0.52,0.6,0.033,0.017,0.45,0.47,0.55
475,2018-04-21,0.013,0.021,0.53,0.53,0.8,0.029,0.016,0.48,0.97,0.65
476,2018-04-22,0.015,0.024,0.29,0.63,0.64,0.033,0.016,0.43,0.59,0.55
477,2018-04-23,0.023,0.027,0.39,0.45,0.69,0.035,0.02,0.37,0.47,0.63
478,2018-04-24,0.029,0.044,0.47,0.51,0.65,0.041,0.039,0.53,0.52,0.56
479,2018-04-25,0.017,0.057,0.36,0.4,0.57,0.033,0.04,0.4,0.4,0.51
480,2018-04-26,0.017,0.021,0.24,0.21,0.64,0.028,0.017,0.37,0.17,0.57
481,2018-04-27,0.016,0.021,0.2,0.29,0.71,0.035,0.025,0.4,0.27,0.59
482,2018-04-28,0.017,0.029,0.25,0.25,0.72,0.035,0.028,0.37,0.25,0.63
483,2018-04-29,0.01,0.028,0.2,0.19,0.69,0.032,0.02,0.33,0.16,0.67
484,2018-04-30,0.01,0.019,0.28,0.15,0.72,0.031,0.021,0.37,0.068,0.68
485,2018-05-01,0.019,0.021,0.19,0.16,0.71,0.035,0.023,0.45,0.17,0.59
486,2018-05-02,0.013,0.025,0.24,0.12,0.75,0.031,0.016,0.32,0.076,0.69
487,2018-05-03,0.017,0.029,0.32,0.17,0.56,0.031,0.035,0.43,0.15,0.52
488,2018-05-04,0.019,0.047,0.48,0.21,0.37,0.025,0.023,0.45,0.25,0.63
489,2018-05-05,0.015,0.047,0.19,0.19,0.45,0.037,0.013,0.31,0.16,0.59
490,2018-05-06,0.021,0.044,0.48,0.29,0.35,0.031,0.02,0.56,0.32,0.75
491,2018-05-07,0.053,0.045,0.53,0.4,0.48,0.039,0.032,0.63,0.55,0.84
492,2018-05-08,0.02,0.045,0.43,0.39,0.41,0.041,0.055,0.56,0.57,0.76
493,2018-05-09,0.019,0.04,0.32,0.33,0.39,0.027,0.04,0.27,0.29,0.61
494,2018-05-10,0.023,0.041,0.29,0.32,0.41,0.036,0.031,0.37,0.29,0.55
495,2018-05-11,0.023,0.047,0.4,0.64,0.39,0.036,0.013,0.4,0.39,0.64
496,2018-05-12,0.012,0.044,0.25,0.36,0.32,0.023,0.013,0.28,0.29,0.56
497,2018-05-13,0.011,0.043,0.16,0.2,0.43,0.02,0.013,0.13,0.15,0.65
498,2018-05-14,0.016,0.037,0.13,0.29,0.33,0.02,0.027,0.28,0.24,0.6
499,2018-05-15,0.015,0.051,0.32,0.17,0.29,0.029,0.037,0.37,0.19,0.48
500,2018-05-16,0.035,0.051,0.21,0.17,0.41,0.031,0.025,0.37,1.1,0.51
501,2018-05-17,0.017,0.041,0.13,0.16,0.59,0.025,0.029,0.24,0.21,0.52
502,2018-05-18,0.015,0.043,0.35,0.65,0.89,0.024,0.029,0.43,0.2,0.81
503,2018-05-19,0.023,0.045,0.53,0.37,0.8,0.035,0.015,0.45,0.4,0.75
504,2018-05-20,0.024,0.047,0.32,0.28,0.96,0.036,0.015,0.32,0.25,0.89
505,2018-05-21,0.015,0.047,0.4,0.4,0.84,0.032,0.016,0.33,0.33,0.83
506,2018-05-22,0.027,0.048,0.4,0.36,0.76,0.065,0.013,0.37,0.35,0.69
507,2018-05-23,0.021,0.048,0.43,0.39,0.71,0.041,0.015,0.51,0.47,0.63
508,2018-05-24,0.036,0.047,0.48,0.37,0.72,0.045,0.02,0.64,0.52,0.64
509,2018-05-25,0.023,0.041,0.43,0.31,0.6,0.045,0.029,0.43,0.39,0.47
510,2018-05-26,0.013,0.04,0.37,0.28,0.61,0.031,0.04,0.43,0.28,0.53
511,2018-05-27,0.011,0.031,0.16,0.19,0.77,0.031,0.013,0.21,0.24,0.71
512,2018-05-28,0.015,0.033,0.31,0.2,0.79,0.029,0.013,0.29,0.2,0.72
513,2018-05-29,0.017,0.033,0.28,0.17,0.77,0.029,0.013,0.4,0.25,0.71
514,2018-05-30,0.019,0.031,0.16,0.24,0.69,0.039,0.013,0.4,0.32,0.61
515,2018-05-31,0.011,0.031,0.21,0.11,0.75,0.029,0.013,0.24,0.11,0.65
516,2018-06-01,0.01,0.035,0.37,0.17,0.51,0.028,0.013,0.31,0.15,0.43
517,2018-06-02,0.017,0.04,0.27,0.2,0.57,0.035,0.013,0.21,0.16,0.47
518,2018-06-03,0.015,0.039,0.11,0.15,0.68,0.033,0.013,0.17,0.16,0.65
519,2018-06-04,0.011,0.032,0.2,0.15,0.6,0.031,0.017,0.32,0.12,0.57
520,2018-06-05,0.011,0.032,0.33,0.41,0.59,0.029,0.02,0.43,0.17,0.52
521,2018-06-06,0.012,0.037,0.35,0.25,0.53,0.032,0.033,0.39,0.31,0.48
522,2018-06-07,0.01,0.037,0.31,0.17,0.65,0.031,0.036,0.29,0.2,0.63
523,2018-06-08,0.015,0.039,0.29,0.17,0.49,0.031,0.016,0.29,0.17,0.39
524,2018-06-09,0.013,0.039,0.19,0.19,0.45,0.032,0.013,0.21,0.17,0.43
525,2018-06-10,0.013,0.037,0.19,0.12,0.57,0.029,0.013,0.17,0.12,0.56
526,2018-06-11,0.017,0.039,0.32,0.17,0.64,0.031,0.016,0.35,0.2,0.59
527,2018-06-12,0.015,0.037,0.2,0.21,0.52,0.029,0.021,0.36,0.16,0.37
528,2018-06-13,0.016,0.035,0.28,0.23,0.48,0.032,0.019,0.32,0.17,0.4
529,2018-06-14,0.017,0.041,0.27,0.23,0.59,0.032,0.016,0.35,0.27,0.51
530,2018-06-15,0.027,0.043,0.21,0.23,0.45,0.041,0.02,0.25,0.21,0.43
531,2018-06-16,0.02,0.036,0.2,0.39,0.48,0.029,0.02,0.24,0.16,0.41
532,2018-06-17,0.015,0.036,0.11,0.15,0.49,0.028,0.013,0.16,0.17,0.48
533,2018-06-18,0.015,0.032,0.27,0.21,0.63,0.035,0.013,0.24,0.23,0.6
534,2018-06-19,0.019,0.044,0.27,0.17,0.59,0.032,0.11,0.29,0.25,0.45
535,2018-06-20,0.029,0.049,0.49,0.39,0.68,0.041,0.059,0.72,0.39,0.55
536,2018-06-21,0.027,0.049,0.37,0.33,0.65,0.037,0.013,0.39,0.39,0.61
537,2018-06-22,0.02,0.031,0.35,0.31,0.84,0.036,0.013,0.63,0.36,0.76
538,2018-06-23,0.023,0.032,0.36,0.33,0.97,0.031,0.013,0.51,0.29,0.77
539,2018-06-24,0.02,0.1,0.43,0.92,0.75,0.053,0.079,0.27,1.2,0.84
540,2018-06-25,0.01,0.072,0.17,0.32,0.65,0.036,0.059,0.2,0.29,0.59
541,2018-06-26,0.013,0.024,0.16,0.2,0.56,0.031,0.041,0.29,0.29,0.57
542,2018-06-27,0.02,0.029,0.27,0.17,0.48,0.031,0.044,0.21,0.25,0.41
543,2018-06-28,0.015,0.032,0.21,0.39,0.43,0.035,0.031,0.24,0.17,0.41
544,2018-06-29,0.015,0.032,0.21,0.33,0.53,0.036,0.016,0.27,0.31,0.49
545,2018-06-30,0.021,0.087,0.64,0.87,0.48,0.036,0.016,0.2,0.25,0.49
546,2018-07-01,0.025,0.063,0.8,2.1,0.48,0.033,0.016,0.24,0.2,0.44
547,2018-07-02,0.013,0.059,0.72,0.37,0.57,0.031,0.019,0.32,0.2,0.61
548,2018-07-03,0.013,0.076,0.75,0.39,0.48,0.028,0.013,0.29,0.19,0.53
549,2018-07-04,0.015,0.069,0.75,0.57,0.44,0.029,0.013,0.24,0.15,0.47
550,2018-07-05,0.013,0.06,0.67,0.76,0.49,0.029,0.013,0.28,0.17,0.51
551,2018-07-06,0.011,0.039,0.4,1.1,0.52,0.031,0.016,0.24,0.21,0.51
552,2018-07-07,0.015,0.041,0.25,0.27,0.61,0.033,0.016,0.32,0.23,0.49
553,2018-07-08,0.016,0.043,0.27,0.24,0.71,0.039,0.016,0.36,0.29,0.69
554,2018-07-09,0.013,0.04,0.43,0.44,0.63,0.039,0.016,0.52,0.28,0.59
555,2018-07-10,0.015,0.039,0.28,0.39,0.6,0.028654098360655737,0.044,0.48,0.23,0.49
556,2018-07-11,0.011,0.036,0.28,0.27,0.75,0.028654098360655737,0.089,0.32,0.39,0.72
557,2018-07-12,0.019,0.052,0.27,0.59,0.6,0.028654098360655737,0.1,0.27,0.23,0.49
558,2018-07-13,0.015,0.052,0.35,0.25,0.64,0.028654098360655737,0.1,0.39,0.37,0.55
559,2018-07-14,0.01,0.033,0.19,0.28,0.75,0.028654098360655737,0.16,0.21,0.31,0.64
560,2018-07-15,0.017,0.037,0.21,0.24,0.52,0.028654098360655737,0.23,0.19,0.23,0.52
561,2018-07-16,0.015,0.037,0.24,0.25,0.56,0.028654098360655737,0.23,0.21,0.24,0.57
562,2018-07-17,0.02,0.041,0.19,0.23,0.57,0.028654098360655737,0.25,0.17,0.21,0.55
563,2018-07-18,0.033,0.043,0.35,0.33,0.56,0.028654098360655737,0.021,0.4,0.28,0.51
564,2018-07-19,0.016,0.039,0.19,0.21,0.49,0.028654098360655737,0.13,0.24,0.23,0.49
565,2018-07-20,0.016,0.037,0.19,0.19,0.44,0.028654098360655737,0.12,0.28,0.19,0.37
566,2018-07-21,0.017,0.045,0.21,0.25,0.61,0.028654098360655737,0.033,0.21,0.2,0.56
567,2018-07-22,0.021,0.045,0.17,0.12,0.41,0.028654098360655737,0.029,0.16,0.12,0.39
568,2018-07-23,0.033,0.039,0.29,0.25,0.53,0.01,0.051,0.32,0.27,0.53
569,2018-07-24,0.016,0.039,0.19,0.33,0.57,0.028654098360655737,0.047,0.24,0.2,0.44
570,2018-07-25,0.021,0.048,0.35,0.25,0.45,0.028654098360655737,0.023,0.29,0.2,0.43
571,2018-07-26,0.015,0.04,0.2,0.19,0.59,0.028654098360655737,0.017,0.21,0.23,0.55
572,2018-07-27,0.011,0.02,0.21,0.097,0.36,0.028654098360655737,0.017,0.19,0.089,0.35
573,2018-07-28,0.015,0.013,0.16,0.17,0.47,0.028654098360655737,0.02,0.13,0.15,0.43
574,2018-07-29,0.015,0.013,0.16,0.2,0.44,0.028654098360655737,0.015,0.11,0.28,0.44
575,2018-07-30,0.015,0.013,0.17,0.17,0.44,0.028654098360655737,0.037,0.2,0.21,0.44
576,2018-07-31,0.023,0.013,0.21,0.12,0.27,0.028654098360655737,0.037,0.19,0.15,0.21
577,2018-08-01,0.019,0.013,0.25,0.2,0.49,0.028654098360655737,0.023,0.24,0.2,0.47
578,2018-08-02,0.025,0.02,0.61,0.47,0.69,0.028654098360655737,0.025,0.53,0.75,0.65
579,2018-08-03,0.049,0.037,0.89,0.47,0.95,0.028654098360655737,0.04,0.75,0.59,0.91
580,2018-08-04,0.035,0.023,0.63,0.67,1.1,0.041,0.08,0.83,0.68,1.0
581,2018-08-05,0.013,0.023,0.71,0.65,1.1,0.028654098360655737,0.041,0.71,0.6,0.83
582,2018-08-06,0.012,0.013,0.27,0.68,1.1,0.028654098360655737,0.016,0.35,0.68,0.92
583,2018-08-07,0.015,0.013,0.13,0.52,0.59,0.028654098360655737,0.031,0.24,0.64,0.51
584,2018-08-08,0.023,0.013,0.21,0.12,0.48,0.028654098360655737,0.032,0.16,0.15,0.39
585,2018-08-09,0.02,0.013,0.16,0.12,0.41,0.028654098360655737,0.029,0.19,0.15,0.35
586,2018-08-10,0.027,0.015,0.28,0.17,0.45,0.028654098360655737,0.037,0.19,0.17,0.39
587,2018-08-11,0.017,0.015,0.39,0.27,0.52,0.028654098360655737,0.028,0.43,0.33,0.51
588,2018-08-12,0.017,0.013,0.2,0.17,0.61,0.028654098360655737,0.021,0.24,0.25,0.57
589,2018-08-13,0.011,0.013,0.16,0.071,0.32,0.028654098360655737,0.043,0.21,0.087,0.23
590,2018-08-14,0.017,0.013,0.21,0.11,0.43,0.028654098360655737,0.037,0.2,0.17,0.33
591,2018-08-15,0.017,0.02,0.6,0.28,0.64,0.028654098360655737,0.031,0.56,0.29,0.56
592,2018-08-16,0.015,0.013,0.32,0.19,0.68,0.028654098360655737,0.024,0.35,0.2,0.68
593,2018-08-17,0.024,0.013,0.087,0.17,0.6,0.028654098360655737,0.021,0.13,0.17,0.56
594,2018-08-18,0.013,0.013,0.13,0.17,0.4,0.028654098360655737,0.02,0.16,0.17,0.37
595,2018-08-19,0.02,0.019,0.45,0.17,0.71,0.028654098360655737,0.029,0.43,0.21,0.71
596,2018-08-20,0.015,0.013,0.27,0.32,0.79,0.028654098360655737,0.02,0.32,0.27,0.72
597,2018-08-21,0.024,0.024,0.77,0.41,1.1,0.028654098360655737,0.021,0.57,0.39,1.1
598,2018-08-22,0.024,0.027,0.59,0.33,0.88,0.028654098360655737,0.013,0.45,0.43,0.76
599,2018-08-23,0.023,0.02,0.32,0.36,0.88,0.028654098360655737,0.013,0.44,0.37,0.93
600,2018-08-24,0.021,0.021,0.59,0.29,0.69,0.028654098360655737,0.013,0.52,0.35,0.63
601,2018-08-25,0.017,0.017,0.16,0.2,0.57,0.028654098360655737,0.013,0.23,0.21,0.49
602,2018-08-26,0.015,0.013,0.15,0.19,0.65,0.028654098360655737,0.013,0.15,0.19,0.56
603,2018-08-27,0.033,0.015,0.28,0.25,0.6,0.028654098360655737,0.013,0.33,0.33,0.61
604,2018-08-28,0.031,0.019,0.48,0.32,0.65,0.028654098360655737,0.013,0.51,0.35,0.57
605,2018-08-29,0.017,0.02,0.33,0.25,0.47,0.028654098360655737,0.013,0.23,0.23,0.4
606,2018-08-30,0.015,0.016,0.29,0.25,0.51,0.028654098360655737,0.013,0.21,0.44,0.49
607,2018-08-31,0.023,0.019,0.37,0.28,0.65,0.028654098360655737,0.013,0.39,0.28,0.61
608,2018-09-01,0.019,0.02,0.47,0.25,0.77,0.028654098360655737,0.013,0.43,0.28,0.8
609,2018-09-02,0.019,0.032,0.64,0.45,0.91,0.028654098360655737,0.013,0.48,0.28,0.93
610,2018-09-03,0.041,0.015,0.45,0.33,0.97,0.028654098360655737,0.013,0.29,0.37,0.93
611,2018-09-04,0.024,0.019,0.45,0.71,0.61,0.028654098360655737,0.013,0.27,0.35,0.52
612,2018-09-05,0.019,0.019,0.53,0.83,0.53,0.028654098360655737,0.013,0.43,0.33,0.43
613,2018-09-06,0.011,0.019,0.49,0.25,0.69,0.028654098360655737,0.013,0.32,0.28,0.69
614,2018-09-07,0.011,0.017,0.37,0.19,0.65,0.028654098360655737,0.013,0.23,0.17,0.67
615,2018-09-08,0.015,0.019,0.56,0.19,0.85,0.028654098360655737,0.015,0.4,0.24,0.81
616,2018-09-09,0.02,0.013,0.21,0.23,0.91,0.028654098360655737,0.016,0.4,0.25,0.95
617,2018-09-10,0.035,0.029,0.4,0.43,0.85,0.028654098360655737,0.016,0.35,0.45,0.88
618,2018-09-11,0.033,0.029,0.69,0.61,0.72,0.028654098360655737,0.016,0.48,0.32,0.75
619,2018-09-12,0.041,0.035,0.88,0.53,0.85,0.028654098360655737,0.024,0.53,0.32883419689119175,0.81
620,2018-09-13,0.031,0.033,0.53,0.33,0.95,0.028654098360655737,0.025,0.55,0.32883419689119175,0.93
621,2018-09-14,0.031,0.027,0.65,0.57,0.77,0.01,0.019,0.53,0.32883419689119175,0.79
622,2018-09-15,0.029,0.019,0.56,0.366798801369863,0.65,0.028654098360655737,0.02,0.45,0.31,0.6
623,2018-09-16,0.013,0.016,0.43,0.366798801369863,0.59,0.028654098360655737,0.024,0.31,0.25,0.59
624,2018-09-17,0.027,0.028,0.43,0.366798801369863,0.61,0.028654098360655737,0.025,0.32,0.39,0.63
625,2018-09-18,0.024,0.028,0.32,0.29,0.32,0.028654098360655737,0.02,0.35,0.36,0.4
626,2018-09-19,0.021,0.017,0.44,0.39,0.32,0.028654098360655737,0.023,0.27,0.21,0.29
627,2018-09-20,0.017,0.017,0.27,0.41,0.44,0.028654098360655737,0.037,0.25,0.24,0.43
628,2018-09-21,0.015,0.015,0.29,0.47,0.43,0.028654098360655737,0.025,0.19,0.2,0.39
629,2018-09-22,0.019,0.016,0.24,0.51,0.37,0.028654098360655737,0.051,0.21,0.4,0.32
630,2018-09-23,0.011,0.016,0.21,0.24,0.33,0.028654098360655737,0.044,0.17,0.23,0.29
631,2018-09-24,0.017,0.015,0.32,0.27,0.95,0.028654098360655737,0.033,0.16,0.25,0.35
632,2018-09-25,0.017,0.016,0.39,0.37,0.64,0.028654098360655737,0.025,0.32,0.21,0.59
633,2018-09-26,0.032,0.027,0.8,1.1,0.91,0.028654098360655737,0.032,0.53,0.32,0.92
634,2018-09-27,0.061,0.027,0.53,0.56,1.2,0.019,0.021,0.51,0.68,0.65
635,2018-09-28,0.017,0.027,0.35,0.36,0.85,0.028654098360655737,0.033,0.32,0.39,0.53
636,2018-09-29,0.015,0.013,0.24,0.33,0.55,0.045,0.029,0.23,0.44,0.51
637,2018-09-30,0.015,0.015,0.35,0.32,1.2,0.028654098360655737,0.051,0.21,0.39,0.64
638,2018-10-01,0.02,0.025,0.6,0.35,0.65,0.028654098360655737,0.12,0.43,0.33,0.59
639,2018-10-02,0.027,0.025,0.6,0.57,0.63,0.028654098360655737,0.013,0.35,0.31,0.64
640,2018-10-03,0.025,0.049,0.88,0.71,1.2,0.028654098360655737,0.047,0.11,0.41,0.69
641,2018-10-04,0.033,0.052,0.55,0.47,0.64,0.028654098360655737,0.032,0.53,0.47,0.63
642,2018-10-05,0.072,0.053,0.67,0.71,0.88,0.028654098360655737,0.024,0.69,0.55,0.85
643,2018-10-06,0.027,0.047,0.4,0.35,1.1,0.028654098360655737,0.024,0.35,0.51,0.71
644,2018-10-07,0.013,0.017,0.27,0.36,0.61,0.028654098360655737,0.013,0.21,0.25,0.49
645,2018-10-08,0.027,0.039,0.35,0.87,0.56,0.028654098360655737,0.015,0.4,0.21,0.56
646,2018-10-09,0.032,0.04,0.43,0.31,1.0,0.028654098360655737,0.017,0.4,0.28,0.57
647,2018-10-10,0.041,0.055,0.41,0.67,0.65,0.028654098360655737,0.017,0.45,0.81,0.6
648,2018-10-11,0.019,0.056,0.43,0.88,0.71,0.028654098360655737,0.017,0.32,0.44,0.84
649,2018-10-12,0.016,0.016,0.24,0.19,0.91,0.028654098360655737,0.017,0.21,0.2,0.56
650,2018-10-13,0.013,0.013,0.16,0.16,0.68,0.028654098360655737,0.017,0.08,0.19,0.52
651,2018-10-14,0.013,0.013,0.13,0.17,0.56,0.028654098360655737,0.013,0.15,0.15,0.59
652,2018-10-15,0.011,0.019,0.27,0.25,0.97,0.028654098360655737,0.015,0.2,0.25,0.57
653,2018-10-16,0.013,0.017,0.29,0.12,0.55,0.028654098360655737,0.021,0.39,0.16,0.4
654,2018-10-17,0.023,0.029,0.45,0.29,0.32,0.028654098360655737,0.029,0.31,0.33,0.37
655,2018-10-18,0.017,0.029,0.48,0.41,0.79,0.028654098360655737,0.021,0.37,0.48,0.36
656,2018-10-19,0.011,0.029,0.48,0.2,0.63,0.028654098360655737,0.02,0.45,0.23,0.44
657,2018-10-20,0.011,0.023,0.33,0.2,0.61,0.028654098360655737,0.015,0.27,0.25,0.56
658,2018-10-21,0.012,0.023,0.65,0.23,1.0,0.028654098360655737,0.017,0.43,0.25,0.61
659,2018-10-22,0.02,0.032,0.51,0.43,0.68,0.028654098360655737,0.02,0.32,0.41,0.49
660,2018-10-23,0.025,0.029,0.48,0.28,0.48,0.028654098360655737,0.013,0.35,0.27,0.51
661,2018-10-24,0.025,0.029,0.72,0.33,0.91,0.028654098360655737,0.015,0.49,0.33,0.56
662,2018-10-25,0.039,0.047,0.67,0.43,0.56,0.028654098360655737,0.016,0.43,0.29,0.56
663,2018-10-26,0.041,0.057,0.64,0.44,0.61,0.028654098360655737,0.019,0.52,0.63,0.55
664,2018-10-27,0.02,0.056,0.36,0.57,0.97,0.028654098360655737,0.019,0.37,0.49,0.56
665,2018-10-28,0.011,0.032,0.16,0.31,0.97,0.028654098360655737,0.021,0.21,0.16,0.56
666,2018-10-29,0.023,0.049,0.48,0.31,0.51,0.028654098360655737,0.017,0.37,0.28,0.52
667,2018-10-30,0.045,0.048,0.61,0.15,0.97,0.028654098360655737,0.019,0.44,0.15,0.61
668,2018-10-31,0.057,0.057,0.53,0.33,0.45,0.028654098360655737,0.04,0.35,0.33,0.35
669,2018-11-01,0.025,0.067,0.48,0.33,0.27,0.028654098360655737,0.015,0.45,0.41,0.32
670,2018-11-02,0.01,0.035,0.29,0.16,0.89,0.028654098360655737,0.019,0.36,0.15,0.51
671,2018-11-03,0.01,0.015,0.27,0.17,0.49,0.028654098360655737,0.023,0.28,0.21,0.33
672,2018-11-04,0.015,0.036,0.35,0.4,0.84,0.028654098360655737,0.015,0.24,0.47,0.41
673,2018-11-05,0.025761295822676895,0.023,0.53,0.17,0.56,0.028654098360655737,0.015,0.47,0.2,0.63
674,2018-11-06,0.01,0.024,0.27,0.21,0.68,0.028654098360655737,0.019,0.4,0.29,0.56
675,2018-11-07,0.011,0.017,0.31,0.31,1.0,0.028654098360655737,0.013,0.051,0.27,0.61
676,2018-11-08,0.013,0.032,0.49,0.33,0.56,0.028654098360655737,0.03117955326460481,0.345640625,0.32883419689119175,0.5225107480653483
677,2018-11-09,0.01,0.029,0.51,0.2,0.65,0.028654098360655737,0.13,0.33,0.2,0.45
678,2018-11-10,0.01,0.02,0.16,0.27,1.0,0.028654098360655737,0.11,0.11,0.28,0.64
679,2018-11-11,0.01,0.013,0.13,0.36,0.57,0.028654098360655737,0.017,0.15,2.0,0.61
680,2018-11-12,0.013,0.037,0.4,0.28,0.49,0.028654098360655737,0.019,0.32,0.23,0.4
681,2018-11-13,0.023,0.071,0.61,0.41,0.89,0.028654098360655737,0.069,0.39,0.41,0.44
682,2018-11-14,0.028,0.075,0.6,1.1,0.28,0.028654098360655737,0.055,0.4,0.45,0.2
683,2018-11-15,0.036,0.085,0.75,0.87,0.41,0.028654098360655737,0.061,0.4,0.71,0.31
684,2018-11-16,0.017,0.068,0.59,0.57,0.68,0.028654098360655737,0.049,0.39,0.71,0.28
685,2018-11-17,0.017,0.063,0.67,0.65,0.39,0.028654098360655737,0.073,0.51,0.68,0.43
686,2018-11-18,0.01,0.048,0.41,2.3,0.61,0.028654098360655737,0.061,0.39,0.63,0.44
687,2018-11-19,0.019,0.055,0.37,0.6,0.76,0.028654098360655737,0.041,0.24,0.52,0.29
688,2018-11-20,0.015,0.037,0.51,0.39,0.36,0.028654098360655737,0.031,0.35,0.44,0.39
689,2018-11-21,0.011,0.036,0.43,0.31,0.43,0.028654098360655737,0.036,0.35,0.37,0.43
690,2018-11-22,0.013,0.02,0.32,0.12,1.0,0.028654098360655737,0.013,0.21,0.12,0.55
691,2018-11-23,0.01,0.029,0.45,0.19,0.87,0.028654098360655737,0.013,0.37,0.13,0.53
692,2018-11-24,0.011,0.033,0.45,0.19,0.45,0.028654098360655737,0.029,0.31,0.15,0.55
693,2018-11-25,0.011,0.035,0.29,0.21,0.91,0.028654098360655737,0.025,0.21,0.19,0.52
694,2018-11-26,0.01,0.037,0.41,0.32,0.77,0.028654098360655737,0.027,0.49,0.31,0.64
695,2018-11-27,0.015,0.064,0.59,0.35,0.53,0.028654098360655737,0.043,0.43,0.41,0.48
696,2018-11-28,0.01,0.037,0.33,0.31,0.93,0.028654098360655737,0.015,0.21,0.32,0.52
697,2018-11-29,0.013,0.033,0.24,0.31,0.85,0.028654098360655737,0.013,0.21,0.31,0.59
698,2018-11-30,0.019,0.049,0.51,0.44,0.51,0.028654098360655737,0.045,0.45,0.51,0.51
699,2018-12-01,0.017,0.053,0.56,0.33,0.89,0.028654098360655737,0.029,0.45,0.51,0.53
700,2018-12-02,0.01,0.028,0.24,0.25,0.88,0.028654098360655737,0.013,0.067,0.24,0.56
701,2018-12-03,0.01,0.024,0.19,0.15,0.51,0.028654098360655737,0.013,0.13,0.15,0.21
702,2018-12-04,0.01,0.032,0.43,0.24,0.75,0.028654098360655737,0.019,0.13,0.24,0.32
703,2018-12-05,0.016,0.043,0.53,0.41,0.64,0.028654098360655737,0.025,0.33,0.48,0.45
704,2018-12-06,0.01,0.031,0.37,0.28,0.41,0.028654098360655737,0.029,0.27,0.24,0.47
705,2018-12-07,0.012,0.035,0.4,0.36,0.87,0.028654098360655737,0.033,0.27,0.39,0.48
706,2018-12-08,0.015,0.048,0.43,0.4,0.88,0.028654098360655737,0.036,0.29,0.36,0.41
707,2018-12-09,0.02,0.057,0.47,0.44,0.53,0.028654098360655737,0.047,0.29,0.45,0.56
708,2018-12-10,0.013,0.072,0.45,0.41,0.4,0.028654098360655737,0.049,0.19,0.4,0.41
709,2018-12-11,0.031,0.072,0.56,0.4,0.25,0.028654098360655737,0.017,0.29,0.36,0.35
710,2018-12-12,0.028,0.076,0.48,0.48,0.49,0.028654098360655737,0.055,0.29,0.64,0.37
711,2018-12-13,0.016,0.076,0.61,0.27,1.1,0.028654098360655737,0.047,0.32,0.31,0.69
712,2018-12-14,0.017,0.079,0.64,0.33,0.57,0.028654098360655737,0.031,0.35,0.36,0.44
713,2018-12-15,0.012,0.052,0.43,0.28,0.92,0.028654098360655737,0.013,0.28,0.31,0.56
714,2018-12-16,0.01,0.025,0.19,0.37,1.0,0.028654098360655737,0.02,0.25,0.33,0.61
715,2018-12-17,0.015,0.056,0.51,0.27,0.6,0.028654098360655737,0.035,0.24,0.28,0.57
716,2018-12-18,0.011,0.049,0.28,0.36,0.93,0.028654098360655737,0.017,0.093,0.25,0.61
717,2018-12-19,0.01,0.039,0.4,0.31,1.0,0.028654098360655737,0.015,0.35,0.29,0.61
718,2018-12-20,0.011,0.036,0.52,0.25,0.57,0.028654098360655737,0.032,0.32,0.23,0.57
719,2018-12-21,0.016,0.032,0.35,0.19,0.77,0.028654098360655737,0.033,0.13,0.15,0.59
720,2018-12-22,0.011,0.027,0.41,0.079,0.89,0.028654098360655737,0.017,0.21,0.097,0.49
721,2018-12-23,0.02,0.083,0.48,0.49,0.41,0.028654098360655737,0.068,0.32,0.44,0.44
722,2018-12-24,0.019,0.068,0.43,0.31,0.52,0.028654098360655737,0.045,0.345640625,0.41,0.31
723,2018-12-25,0.015,0.096,0.45,0.39,0.57,0.028654098360655737,0.027,0.345640625,0.36,0.21
724,2018-12-26,0.015,0.089,0.44,0.36,0.33,0.028654098360655737,0.045,0.345640625,0.36,0.28
725,2018-12-27,0.015,0.065,0.48,0.49,0.57,0.023,0.059,0.345640625,0.44,0.44
726,2018-12-28,0.015,0.083,0.45,0.39,0.63,0.23,0.043,0.24,0.44,0.36
727,2018-12-29,0.015,0.089,0.53,0.41,0.29,0.028654098360655737,0.028,0.24,0.52,0.37
728,2018-12-30,0.011,0.071,0.4,0.25,0.57,0.028654098360655737,0.013,0.27,0.31,0.31
729,2018-12-31,0.019,0.096,0.51,0.31,0.67,0.028654098360655737,0.013,0.21,0.2,0.24
730,2019-01-01,0.023,0.13,0.69,2.0,0.2,0.028654098360655737,0.013,0.29,0.2,0.36
731,2019-01-02,0.023,0.11,0.51,0.44,0.53,0.13,0.023,0.24,0.48,0.44
732,2019-01-03,0.016,0.1,0.44,0.44,0.6,0.028654098360655737,0.019,0.27,0.49,0.21
733,2019-01-04,0.024,0.13,0.64,0.64,0.31,0.028654098360655737,0.032,0.4,0.76,0.2
734,2019-01-05,0.023,0.13,0.64,0.63,0.52,0.028654098360655737,0.035,0.44,0.69,0.29
735,2019-01-06,0.041,0.16,0.68,0.65,0.73,0.019,0.065,0.48,0.73,0.25
736,2019-01-07,0.017,0.11,0.56,0.51,0.28,0.028654098360655737,0.028,0.41,0.44,0.36
737,2019-01-08,0.028,0.12,0.77,0.59,0.52,0.028654098360655737,0.02,0.4,0.25,0.28
738,2019-01-09,0.033,0.12,0.69,0.84,0.65,0.028654098360655737,0.017,0.37,0.6,0.27
739,2019-01-10,0.016,0.079,0.52,0.37,0.43,0.028654098360655737,0.024,0.4,0.32,0.37
740,2019-01-11,0.027,0.11,0.69,1.2,0.59,0.028654098360655737,0.064,0.53,0.48,0.48
741,2019-01-12,0.029,0.13,0.64,0.65,0.76,0.028654098360655737,0.091,0.4,0.76,0.36
742,2019-01-13,0.024,0.13,0.72,0.53,0.36,0.028654098360655737,0.091,0.37,0.71,0.45
743,2019-01-14,0.019,0.11,0.77,0.43,0.51,0.028654098360655737,0.047,0.35,0.44,0.45
744,2019-01-15,0.013,0.095,0.48,0.37,0.71,0.028654098360655737,0.029,0.29,0.33,0.29
745,2019-01-16,0.027,0.12,0.72,0.75,0.44,0.028654098360655737,0.068,0.51,0.84,0.37
746,2019-01-17,0.023,0.056,0.67,0.31,0.45,0.028654098360655737,0.027,0.36,0.33,0.37
747,2019-01-18,0.039,0.039,0.59,0.41,0.91,0.028654098360655737,0.048,0.43,0.49,0.36
748,2019-01-19,0.017,0.02,0.48,0.32,0.56,0.028654098360655737,0.025,0.35,0.37,0.35
749,2019-01-20,0.023,0.013,0.37,0.2,0.57,0.028654098360655737,0.021,0.21,0.19,0.52
750,2019-01-21,0.045,0.035,0.69,0.33,0.96,0.028654098360655737,0.056,0.39,0.36,0.48
751,2019-01-22,0.045,0.051,0.59,0.41,0.75,0.028654098360655737,0.053,0.48,0.68,0.37
752,2019-01-23,0.016,0.013,0.24,0.21,0.61,0.028654098360655737,0.015,0.37,0.29,0.59
753,2019-01-24,0.011,0.013,0.19,0.13,1.0,0.028654098360655737,0.028,0.4,0.23,0.48
754,2019-01-25,0.036,0.025,0.67,0.32,0.83,0.028654098360655737,0.019,0.47,0.31,0.28
755,2019-01-26,0.017,0.025,0.48,0.2,0.39,0.028654098360655737,0.029,0.35,0.29,0.35
756,2019-01-27,0.025,0.013,0.35,0.2,1.0,0.028654098360655737,0.015,0.29,0.2,0.6
757,2019-01-28,0.015,0.013,0.31,0.28,0.96,0.028654098360655737,0.016,0.29,0.31,0.61
758,2019-01-29,0.028,0.021,0.51,0.44,0.57,0.028654098360655737,0.017,0.41,0.51,0.55
759,2019-01-30,0.019,0.013,0.47,0.28,1.0,0.028654098360655737,0.019,0.35,0.27,0.55
760,2019-01-31,0.013,0.013,0.27,0.13,0.75,0.028654098360655737,0.016,0.28,0.15,0.56
761,2019-02-01,0.013,0.013,0.13,0.32,0.79,0.028654098360655737,0.02,0.28,0.36,0.76
762,2019-02-02,0.019,0.016,0.51,0.32,1.2,0.028654098360655737,0.015,0.32,0.28,0.76
763,2019-02-03,0.023,0.035,0.51,0.33,0.89,0.028654098360655737,0.053,0.43,0.37,0.57
764,2019-02-04,0.029,0.036,0.53,0.36,0.55,0.028654098360655737,0.067,0.44,0.39,0.56
765,2019-02-05,0.028,0.028,0.61,0.44,0.67,0.028654098360655737,0.048,0.45,0.68,0.39
766,2019-02-06,0.025,0.031,0.56,0.39,0.69,0.028654098360655737,0.044,0.43,0.44,0.48
767,2019-02-07,0.024,0.015,0.51,0.33,0.59,0.028654098360655737,0.021,0.35,0.23,0.57
768,2019-02-08,0.024,0.029,0.59,0.37,0.48,0.028654098360655737,0.059,0.45,0.36,0.52
769,2019-02-09,0.023,0.015,0.29,0.17,0.44,0.028654098360655737,0.025,0.11,0.23,0.57
770,2019-02-10,0.011,0.013,0.16,0.16,0.59,0.028654098360655737,0.021,0.059,0.13,0.65
771,2019-02-11,0.025,0.021,0.59,0.31,0.59,0.028654098360655737,0.021,0.61,0.44,0.65
772,2019-02-12,0.031,0.035,0.59,0.45,0.49,0.028654098360655737,0.033,0.43,0.65,0.51
773,2019-02-13,0.045,0.045,0.69,0.49,0.53,0.01,0.045,0.48,0.52,0.49
774,2019-02-14,0.029,0.043,0.75,0.52,0.6,0.028654098360655737,0.025,0.53,0.49,0.59
775,2019-02-15,0.057,0.055,1.1,0.73,0.61,0.01,0.048,0.64,0.71,0.63
776,2019-02-16,0.053,0.052,0.77,0.79,0.43,0.01,0.04,0.55,0.67,0.37
777,2019-02-17,0.053,0.039,0.69,0.63,0.63,0.21,0.016,0.57,0.48,0.64
778,2019-02-18,0.015,0.015,0.51,0.36,0.63,0.4,0.015,0.35,0.25,0.72
779,2019-02-19,0.027,0.023,0.53,0.39,0.48,0.028654098360655737,0.047,0.4,0.41,0.44
780,2019-02-20,0.033,0.033,0.69,0.37,0.51,0.028654098360655737,0.013,0.45,0.33,0.57
781,2019-02-21,0.028,0.031,0.65,0.57,0.57,0.028654098360655737,0.016,0.56,0.63,0.6
782,2019-02-22,0.019,0.023,0.49,0.67,0.49,0.028654098360655737,0.015,0.4,0.76,0.64
783,2019-02-23,0.039,0.027,0.69,1.1,0.55,0.028654098360655737,0.023,0.56,0.92,0.68
784,2019-02-24,0.032,0.035,0.75,0.75,0.69,0.01,0.013,0.48,0.72,0.72
785,2019-02-25,0.036,0.024,0.61,0.75,0.55,0.01,0.013,0.45,0.69,0.64
786,2019-02-26,0.031,0.037,0.88,0.55,0.69,0.01,0.015,0.55,0.49,0.68
787,2019-02-27,0.061,0.056,0.91,0.73,0.71,0.028654098360655737,0.015,0.53,0.57,0.69
788,2019-02-28,0.023,0.017,0.56,0.29,0.57,0.028654098360655737,0.013,0.45,0.28,0.65
789,2019-03-01,0.019,0.017,0.59,0.31,0.61,0.028654098360655737,0.013,0.4,0.31,0.64
790,2019-03-02,0.015,0.015,0.29,0.25,0.51,0.028654098360655737,0.013,0.41,0.23,0.53
791,2019-03-03,0.017,0.013,0.28,0.21,0.52,0.028654098360655737,0.013,0.1,0.17,0.59
792,2019-03-04,0.01,0.013,0.19,0.36,0.65,0.028654098360655737,0.013,0.37,0.33,0.72
793,2019-03-05,0.017,0.013,0.37,0.28,0.63,0.028654098360655737,0.013,0.16,0.28,0.68
794,2019-03-06,0.011,0.013,0.16,0.24,0.59,0.028654098360655737,0.016,0.21,0.2,0.69
795,2019-03-07,0.021,0.013,0.35,0.37,0.61,0.41,0.013,0.19,0.36,1.2
796,2019-03-08,0.028,0.013,0.48,0.29,0.53,0.028654098360655737,0.025,0.35,0.31,0.63
797,2019-03-09,0.02,0.013,0.25,0.2,0.59,0.028654098360655737,0.027,0.29,0.24,0.59
798,2019-03-10,0.017,0.013,0.21,0.19,0.43,0.028654098360655737,0.015,0.21,0.25,0.43
799,2019-03-11,0.033,0.02,0.64,0.31,0.51,0.028654098360655737,0.015,0.29,0.36,0.52
800,2019-03-12,0.041,0.02,0.6,0.37,0.61,0.028654098360655737,0.019,0.35,0.37,0.63
801,2019-03-13,0.02,0.013,0.55,0.19,0.59,0.028654098360655737,0.02,0.36,0.23,0.52
802,2019-03-14,0.02,0.017,0.55,0.45,0.49,0.028654098360655737,0.02,0.35,0.35,0.49
803,2019-03-15,0.021,0.017,0.56,0.25,0.59,0.028654098360655737,0.015,0.37,0.39,0.63
804,2019-03-16,0.037,0.041,0.67,0.49,0.57,0.028654098360655737,0.059,0.4,0.49,0.63
805,2019-03-17,0.019,0.015,0.19,0.4,0.67,0.028654098360655737,0.02,0.16,0.47,0.71
806,2019-03-18,0.019,0.013,0.41,0.17,0.67,0.028654098360655737,0.013,0.27,0.17,0.68
807,2019-03-19,0.023,0.013,0.16,0.19,0.59,0.028654098360655737,0.016,0.27,0.2,0.65
808,2019-03-20,0.02,0.013,0.43,0.15,0.61,0.028654098360655737,0.016,0.29,0.12,0.64
809,2019-03-21,0.029,0.019,0.61,0.33,0.59,0.2,0.072,0.32,0.27,0.69
810,2019-03-22,0.036,0.024,0.69,0.45,0.65,0.01,0.23,0.43,0.35,0.69
811,2019-03-23,0.035,0.027,0.69,0.35,0.77,0.028654098360655737,0.013,0.44,0.31,0.81
812,2019-03-24,0.031,0.027,0.68,0.37,0.77,0.028654098360655737,0.032,0.43,0.39,0.88
813,2019-03-25,0.019,0.015,0.45,0.39,0.73,0.028654098360655737,0.036,0.37,0.44,0.79
814,2019-03-26,0.027,0.015,0.35,0.29,0.65,0.028654098360655737,0.1,0.35,0.31,0.69
815,2019-03-27,0.017,0.043,0.41,0.31,0.65,0.028654098360655737,0.079,0.47,0.29,0.77
816,2019-03-28,0.029,0.04,0.77,0.37,0.77,0.028654098360655737,0.043,0.53,0.28,0.84
817,2019-03-29,0.023,0.016,0.57,0.31,0.73,0.028654098360655737,0.055,0.35,0.21,0.83
818,2019-03-30,0.031,0.021,0.75,0.4,0.85,0.01,0.019,0.49,0.28,0.89
819,2019-03-31,0.021,0.017,0.53,0.33,0.95,0.028654098360655737,0.013,0.4,0.29,1.0
820,2019-04-01,0.015,0.015,0.61,0.24,0.79,0.01,0.021,0.37,0.23,0.87
821,2019-04-02,0.021,0.015,0.4,0.35,0.76,0.028654098360655737,0.032,0.29,0.33,0.84
822,2019-04-03,0.023,0.013,0.13,0.29,0.72,0.028654098360655737,0.021,0.31,0.29,0.77
823,2019-04-04,0.019,0.016,0.51,0.2,0.64,0.028654098360655737,0.021,0.31,0.23,0.65
824,2019-04-05,0.02,0.015,0.48,0.15,0.55,0.028654098360655737,0.019,0.21,0.15,0.69
825,2019-04-06,0.017,0.015,0.39,0.28,0.72,0.11,0.041,0.35,0.17,0.83
826,2019-04-07,0.017,0.013,0.21,0.21,0.67,0.028654098360655737,0.033,0.29,0.19,0.72
827,2019-04-08,0.017,0.016,0.59,0.25,0.64,0.028654098360655737,0.02,0.41,0.25,0.77
828,2019-04-09,0.013,0.016,0.16,0.2,0.59,0.028654098360655737,0.019,0.4,0.21,0.79
829,2019-04-10,0.011,0.013,0.37,0.24,0.64,0.028654098360655737,0.019,0.4,0.23,0.72
830,2019-04-11,0.013,0.024,0.48,0.4,0.65,0.028654098360655737,0.021,0.32,0.28,0.71
831,2019-04-12,0.013,0.023,0.52,0.28,0.61,0.028654098360655737,0.075,0.35,0.28,0.68
832,2019-04-13,0.01,0.021,0.43,0.36,0.72,0.028654098360655737,0.065,0.32,0.35,0.79
833,2019-04-14,0.01,0.015,0.19,0.16,0.45,0.028654098360655737,0.016,0.19,0.12,0.57
834,2019-04-15,0.011,0.013,0.24,0.12,0.63,0.028654098360655737,0.015,0.12,0.089,0.72
835,2019-04-16,0.013,0.015,0.31,0.23,0.63,0.028654098360655737,0.017,0.13,0.23,0.69
836,2019-04-17,0.013,0.019,0.33,0.24,0.57,0.17,0.017,0.35,0.23,0.69
837,2019-04-18,0.013,0.015,0.29,0.15,0.56,0.028654098360655737,0.045,0.19,0.15,0.69
838,2019-04-19,0.01,0.013,0.16,0.17,0.63,0.028654098360655737,0.061,0.073,0.21,0.71
839,2019-04-20,0.01,0.015,0.29,0.17,0.63,0.028654098360655737,0.044,0.21,0.23,0.75
840,2019-04-21,0.01,0.016,0.12,0.28,0.84,0.028654098360655737,0.16,0.13,0.23,0.93
841,2019-04-22,0.011,0.021,0.59,0.23,0.91,0.028654098360655737,0.15,0.4,0.32,0.95
842,2019-04-23,0.013,0.015,0.4,0.25,0.72,0.028654098360655737,0.013,0.35,0.28,0.95
843,2019-04-24,0.017,0.015,0.24,0.25,0.64,0.028654098360655737,0.016,0.12,0.28,0.72
844,2019-04-25,0.011,0.015,0.16,0.25,0.64,0.28,0.019,0.16,0.28,0.72
845,2019-04-26,0.013,0.015,0.15,0.29,0.67,0.028654098360655737,0.015,0.35,0.31,0.67
846,2019-04-27,0.017,0.017,0.35,0.25,0.68,0.028654098360655737,0.013,0.23,0.23,0.68
847,2019-04-28,0.023,0.015,0.32,0.2,0.64,0.028654098360655737,0.016,0.11,0.17,0.68
848,2019-04-29,0.024,0.023,0.43,0.25,0.59,0.028654098360655737,0.059,0.33,0.39,0.61
849,2019-04-30,0.02,0.021,0.21,0.33,0.61,0.028654098360655737,0.043,0.21,0.36,0.65
850,2019-05-01,0.021,0.015,0.4,0.28,0.59,0.028654098360655737,0.021,0.19,0.32,0.64
851,2019-05-02,0.013,0.013,0.29,0.25,0.65,0.028654098360655737,0.015,0.32,0.13,0.69
852,2019-05-03,0.013,0.02,0.51,0.2,0.65,0.028654098360655737,0.013,0.32,0.16,0.68
853,2019-05-04,0.015,0.019,0.21,0.24,0.68,0.028654098360655737,0.016,0.21,0.19,0.65
854,2019-05-05,0.013,0.013,0.28,0.23,0.76,0.028654098360655737,0.02,0.21,0.2,0.81
855,2019-05-06,0.017,0.015,0.36,0.47,0.77,0.028654098360655737,0.028,0.13,0.27,0.83
856,2019-05-07,0.011,0.015,0.32,0.33,0.65,0.028654098360655737,0.021,0.21,0.23,0.71
857,2019-05-08,0.01,0.013,0.17,0.23,0.56,0.028654098360655737,0.015,0.093,0.25,0.63
858,2019-05-09,0.023,0.013,0.32,0.33,0.59,0.028654098360655737,0.021,0.13,0.31,0.64
859,2019-05-10,0.016,0.013,0.19,0.23,0.41,0.028654098360655737,0.031,0.13,0.23,0.48
860,2019-05-11,0.015,0.013,0.23,0.11,0.56,0.028654098360655737,0.021,0.16,0.11,0.53
861,2019-05-12,0.02,0.021,0.53,0.28,0.59,0.028654098360655737,0.044,0.25,0.28,0.61
862,2019-05-13,0.025,0.024,0.61,0.25,0.76,0.028654098360655737,0.024,0.33,0.24,0.79
863,2019-05-14,0.045,0.024,0.64,0.48,0.96,0.028654098360655737,0.016,0.4,0.37,0.84
864,2019-05-15,0.031,0.023,0.41,0.39,1.0,0.028654098360655737,0.016,0.43,0.47,0.99
865,2019-05-16,0.017,0.015,0.16,0.33,0.72,0.028654098360655737,0.015,0.24,0.41,0.76
866,2019-05-17,0.012,0.013,0.047,0.31,0.65,0.028654098360655737,0.017,0.087,0.35,0.69
867,2019-05-18,0.011,0.013,0.19,0.2,0.64,0.028654098360655737,0.021,0.073,0.17,0.69
868,2019-05-19,0.015,0.015,0.21,0.24,0.65,0.028654098360655737,0.015,0.087,0.15,0.72
869,2019-05-20,0.02,0.019,0.4,0.23,0.63,0.028654098360655737,0.028,0.27,0.19,0.68
870,2019-05-21,0.017,0.021,0.47,0.21,0.72,0.028654098360655737,0.025,0.33,0.28,0.71
871,2019-05-22,0.035,0.021,0.43,0.31,0.69,0.028654098360655737,0.055,0.43,0.36,0.76
872,2019-05-23,0.021,0.02,0.35,0.29,0.63,0.028654098360655737,0.043,0.28,0.25,0.65
873,2019-05-24,0.019,0.015,0.19,0.17,0.57,0.028654098360655737,0.015,0.24,0.23,0.56
874,2019-05-25,0.028,0.013,0.16,0.2,0.56,0.028654098360655737,0.015,0.11,0.19,0.56
875,2019-05-26,0.025,0.013,0.12,0.23,0.56,0.028654098360655737,0.02,0.093,0.19,0.55
876,2019-05-27,0.019,0.013,0.29,0.25,0.53,0.028654098360655737,0.023,0.24,0.27,0.57
877,2019-05-28,0.021,0.013,0.19,0.19,0.56,0.028654098360655737,0.025,0.21,0.2,0.52
878,2019-05-29,0.017,0.021,0.35,0.23,0.57,0.028654098360655737,0.013,0.24,0.23,0.55
879,2019-05-30,0.025,0.02,0.41,0.35,0.57,0.028654098360655737,0.019,0.45,0.41,0.57
880,2019-05-31,0.019,0.019,0.53,0.33,0.63,0.028654098360655737,0.016,0.39,0.27,0.64
881,2019-06-01,0.029,0.031,0.53,0.36,1.1,0.16,0.017,0.47,0.47,1.1
882,2019-06-02,0.025,0.024,0.29,0.28,1.0,0.028654098360655737,0.2,0.25,0.24,1.1
883,2019-06-03,0.01,0.013,0.27,0.16,0.52,0.028654098360655737,0.17,0.2,0.17,0.56
884,2019-06-04,0.015,0.013,0.13,0.24,0.64,0.028654098360655737,0.015,0.17,0.16,0.56
885,2019-06-05,0.013,0.015,0.16,0.36,0.61,0.028654098360655737,0.016,0.25,0.2,0.64
886,2019-06-06,0.024,0.015,0.19,0.17,0.6,0.028654098360655737,0.027,0.087,0.23,0.64
887,2019-06-07,0.02,0.017,0.4,0.23,0.57,0.028654098360655737,0.025,0.29,0.2,0.65
888,2019-06-08,0.015,0.017,0.29,0.17,0.6,0.028654098360655737,0.02,0.11,0.16,0.63
889,2019-06-09,0.013,0.017,0.21,0.17,0.6,0.028654098360655737,0.016,0.08,0.19,0.63
890,2019-06-10,0.032,0.02,0.37,0.16,0.61,0.028654098360655737,0.02,0.21,0.21,0.69
891,2019-06-11,0.019,0.019,0.21,0.31,0.59,0.028654098360655737,0.097,0.13,0.12,0.61
892,2019-06-12,0.017,0.019,0.36,0.27,0.64,0.028654098360655737,0.083,0.27,0.21,0.61
893,2019-06-13,0.02,0.02,0.35,0.43,0.59,0.028654098360655737,0.015,0.27,0.21,0.61
894,2019-06-14,0.02,0.019,0.37,0.23,0.63,0.028654098360655737,0.021,0.32,0.23,0.65
895,2019-06-15,0.012,0.019,0.16,0.49,0.61,0.028654098360655737,0.023,0.08,0.15,0.68
896,2019-06-16,0.019,0.013,0.19,0.17,0.61,0.028654098360655737,0.02,0.073,0.15,0.65
897,2019-06-17,0.02,0.017,0.37,0.23,0.57,0.028654098360655737,0.015,0.27,0.28,0.63
898,2019-06-18,0.013,0.017,0.28,0.33,0.52,0.028654098360655737,0.015,0.15,0.23,0.56
899,2019-06-19,0.029,0.015,0.35,0.33,0.51,0.028654098360655737,0.015,0.17,0.16,0.52
900,2019-06-20,0.015,0.015,0.24,0.21,0.52,0.028654098360655737,0.031,0.23,0.21,0.53
901,2019-06-21,0.028,0.017,0.24,0.29,0.52,0.028654098360655737,0.025,0.17,0.24,0.52
902,2019-06-22,0.025,0.016,0.24,0.23,0.56,0.028654098360655737,0.015,0.16,0.17,0.59
903,2019-06-23,0.01,0.019,0.16,0.19,0.55,0.028654098360655737,0.015,0.093,0.16,0.55
904,2019-06-24,0.036,0.048,0.31,0.68,0.49,0.028654098360655737,0.069,0.19,0.71,0.53
905,2019-06-25,0.019,0.031,0.25,0.23,0.44,0.028654098360655737,0.039,0.16,0.23,0.48
906,2019-06-26,0.033,0.016,0.25,0.24,0.52,0.01,0.015,0.21,0.19,0.57
907,2019-06-27,0.049,0.024,0.24,0.15,0.56,0.028654098360655737,0.025,0.27,0.23,0.52
908,2019-06-28,0.019,0.019,0.29,0.19,0.44,0.028654098360655737,0.033,0.19,0.2,0.43
909,2019-06-29,0.028,0.017,0.24,0.2,0.47,0.028654098360655737,0.021,0.13,0.23,0.48
910,2019-06-30,0.025,0.013,0.19,0.36,0.51,0.028654098360655737,0.023,0.093,0.23,0.52
911,2019-07-01,0.015,0.013,0.19,0.23,0.37,0.028654098360655737,0.017,0.13,0.16,0.35
912,2019-07-02,0.019,0.017,0.28,2.3,0.43,0.028654098360655737,0.023,0.15,0.28,0.44
913,2019-07-03,0.021,0.016,0.35,0.39,0.51,0.028654098360655737,0.021,0.2,0.33,0.57
914,2019-07-04,0.015,0.013,0.29,0.43,0.59,0.028654098360655737,0.016,0.24,0.29,0.61
915,2019-07-05,0.032,0.023,0.48,0.39,0.52,0.028654098360655737,0.013,0.23,0.28,0.52
916,2019-07-06,0.15,0.06,2.2,3.0,0.52,0.028654098360655737,0.015,0.16,0.2,0.64
917,2019-07-07,0.041,0.06,1.2,2.3,0.57,0.028654098360655737,0.013,0.067,0.24,0.65
918,2019-07-08,0.033,0.044,0.93,2.2,0.45,0.028654098360655737,0.023,0.23,0.25,0.63
919,2019-07-09,0.045,0.04,1.1,3.0,0.51,0.028654098360655737,0.023,0.33,0.24,0.57
920,2019-07-10,0.025,0.052,2.0,2.3,0.56,0.028654098360655737,0.021,0.29,0.33,0.71
921,2019-07-11,0.023,0.04,0.85,3.0,0.59,0.028654098360655737,0.02,0.4,0.4,0.71
922,2019-07-12,0.035,0.023,0.55,3.0,0.71,0.028654098360655737,0.02,0.47,0.41,0.83
923,2019-07-13,0.039,0.032,0.48,2.0,0.84,0.028654098360655737,0.013,0.32,0.36,1.0
924,2019-07-14,0.02,0.013,0.24,0.41,0.57,0.028654098360655737,0.017,0.21,0.33,1.1
925,2019-07-15,0.015,0.013,0.21,0.31,0.55,0.028654098360655737,0.015,0.19,0.25,0.5225107480653483
926,2019-07-16,0.019,0.013,0.32,0.43,0.56,0.028654098360655737,0.013,0.21,0.27,0.53
927,2019-07-17,0.021,0.013,0.13,0.41,0.57,0.028654098360655737,0.023,0.23,0.24,0.55
928,2019-07-18,0.068,0.013,0.27,0.41,0.55,0.028654098360655737,0.019,0.23,0.32,0.52
929,2019-07-19,0.027,0.013,0.21,0.36,0.37,0.028654098360655737,0.015,0.19,0.25,0.39
930,2019-07-20,0.017,0.013,0.16,0.25,0.35,0.028654098360655737,0.017,0.073,0.15,0.36
931,2019-07-21,0.021,0.013,0.23,0.16,0.39,0.028654098360655737,0.019,0.067,0.13,0.37
932,2019-07-22,0.041,0.016,0.43,0.31,0.45,0.028654098360655737,0.028,0.25,0.39,0.44
933,2019-07-23,0.017,0.016,0.29,0.29,0.57,0.028654098360655737,0.027,0.37,0.31,0.52
934,2019-07-24,0.039,0.013,0.24,0.2,0.36,0.028654098360655737,0.02,0.16,0.29,0.31
935,2019-07-25,0.015,0.013,0.13,0.2,0.23,0.028654098360655737,0.019,0.16,0.17,0.21
936,2019-07-26,0.017,0.013,0.17,0.31,0.39,0.028654098360655737,0.015,0.17,0.27,0.35
937,2019-07-27,0.019,0.013,0.13,0.25,0.37,0.028654098360655737,0.015,0.08,0.23,0.39
938,2019-07-28,0.011,0.013,0.16,0.11,0.39,0.028654098360655737,0.013,0.16,0.12,0.37
939,2019-07-29,0.013,0.013,0.16,0.23,0.45,0.028654098360655737,0.02,0.19,0.24,0.45
940,2019-07-30,0.017,0.013,0.27,0.31,0.44,0.028654098360655737,0.019,0.15,0.28,0.43
941,2019-07-31,0.021,0.015,0.35,0.17,0.45,0.028654098360655737,0.016,0.21,0.24,0.45
942,2019-08-01,0.025,0.015,0.29,0.25,0.59,0.028654098360655737,0.016,0.19,0.23,0.52
943,2019-08-02,0.032,0.013,0.29,0.23,0.51,0.028654098360655737,0.015,0.23,0.32,0.55
944,2019-08-03,0.029,0.013,0.19,0.21,0.49,0.028654098360655737,0.015,0.1,0.21,0.55
945,2019-08-04,0.029,0.013,0.1,0.27,0.44,0.028654098360655737,0.015,0.063,0.19,0.48
946,2019-08-05,0.016,0.015,0.25,2.2,0.45,0.028654098360655737,0.016,0.16,0.17,0.45
947,2019-08-06,0.02,0.015,0.17,0.47,0.36,0.028654098360655737,0.019,0.12,0.87,0.37
948,2019-08-07,0.02,0.013,0.19,0.23,0.24,0.028654098360655737,0.02,0.16,0.11,0.15
949,2019-08-08,0.015,0.013,0.15,0.089,0.21,0.028654098360655737,0.024,0.093,0.068,0.25
950,2019-08-09,0.01,0.013,0.093,0.28,0.4,0.13,0.02,0.035,0.27,0.41
951,2019-08-10,0.013,0.013,0.13,0.31,0.44,0.028654098360655737,0.021,0.073,0.29,0.37
952,2019-08-11,0.012,0.013,0.16,0.19,0.48,0.028654098360655737,0.02,0.057,0.2,0.44
953,2019-08-12,0.015,0.013,0.27,0.13,0.51,0.028654098360655737,0.013,0.16,0.2,0.48
954,2019-08-13,0.02,0.013,0.33,0.44,0.55,0.028654098360655737,0.013,0.1,0.37,0.45
955,2019-08-14,0.027,0.013,0.35,0.23,0.55,0.028654098360655737,0.013,0.24,0.24,0.52
956,2019-08-15,0.017,0.013,0.13,0.19,0.4,0.028654098360655737,0.017,0.087,0.11,0.31
957,2019-08-16,0.023,0.013,0.21,0.28,0.51,0.028654098360655737,0.036,0.16,0.23,0.45
958,2019-08-17,0.041,0.013,0.19,0.12,0.41,0.028654098360655737,0.037,0.17,0.13,0.36
959,2019-08-18,0.013,0.013,0.13,0.13,0.35,0.028654098360655737,0.015,0.345640625,0.11,0.23
960,2019-08-19,0.02,0.013,0.15,0.19,0.53,0.028654098360655737,0.024,0.345640625,0.23,0.45
961,2019-08-20,0.023,0.013,0.29,0.21,0.56,0.028654098360655737,0.024,0.21,0.25,0.43
962,2019-08-21,0.027,0.013,0.29,0.21,0.53,0.028654098360655737,0.024,0.29,0.2,0.44
963,2019-08-22,0.02,0.013,0.31,0.2,0.76,0.028654098360655737,0.035,0.36,0.24,0.63
964,2019-08-23,0.11,0.015,0.77,0.49,0.85,0.016,0.035,0.59,0.33,0.83
965,2019-08-24,0.035,0.013,0.16,0.31,0.81,0.028654098360655737,0.017,0.2,0.33,0.67
966,2019-08-25,0.021,0.013,0.16,0.25,0.64,0.028654098360655737,0.015,0.16,0.25,0.61
967,2019-08-26,0.031,0.013,0.49,0.25,0.64,0.028654098360655737,0.019,0.39,0.31,0.56
968,2019-08-27,0.021,0.013,0.35,0.21,0.75,0.028654098360655737,0.019,0.35,0.28,0.63
969,2019-08-28,0.023,0.013,0.17,0.21,0.64,0.028654098360655737,0.016,0.19,0.29,0.49
970,2019-08-29,0.028,0.013,0.27,0.24,0.44,0.028654098360655737,0.017,0.23,0.28,0.37
971,2019-08-30,0.057,0.013,0.39,0.33,0.52,0.028654098360655737,0.027,0.29,2.1,0.44
972,2019-08-31,0.041,0.013,0.23,0.23,0.61,0.028654098360655737,0.043,0.4,0.33,0.45
973,2019-09-01,0.039,0.013,0.24,0.23,0.44,0.028654098360655737,0.036,0.13,0.19,0.36
974,2019-09-02,0.023,0.013,0.17,0.33,0.43,0.028654098360655737,0.015,0.27,0.16,0.39
975,2019-09-03,0.041,0.023,0.61,0.33,0.51,0.01,0.021,0.41,0.23,0.41
976,2019-09-04,0.068,0.037,0.72,0.36,0.68,0.01,0.025,0.37,0.32883419689119175,0.68
977,2019-09-05,0.017,0.033,0.32,1.1,0.6,0.028654098360655737,0.025,0.17,0.32883419689119175,0.55
978,2019-09-06,0.015,0.031,0.21,0.39,0.52,0.028654098360655737,0.019,0.27,0.32883419689119175,0.44
979,2019-09-07,0.015,0.035,0.13,0.366798801369863,0.51,0.028654098360655737,0.017,0.21,0.27,0.48
980,2019-09-08,0.033,0.035,0.36,0.366798801369863,0.56,0.028654098360655737,0.013,0.13,0.15,0.53
981,2019-09-09,0.031,0.032,0.41,0.366798801369863,0.61,0.028654098360655737,0.027,0.37,0.25,0.64
982,2019-09-10,0.021,0.031,0.29,0.29,0.49,0.028654098360655737,0.028,0.21,0.44,0.48
983,2019-09-11,0.02,0.031,0.32,0.27,0.47,0.028654098360655737,0.015,0.27,0.28,0.41
984,2019-09-12,0.025,0.033,0.35,0.36,0.47,0.013,0.016,0.27,0.29,0.45
985,2019-09-13,0.031,0.048,0.55,0.28,0.52,0.017,0.028,0.45,0.31,0.55
986,2019-09-14,0.045,0.064,0.8,0.75,0.79,0.031,0.037,0.67,0.99,0.77
987,2019-09-15,0.02,0.045,0.59,0.33,0.81,0.029,0.024,0.56,0.32,0.79
988,2019-09-16,0.041,0.037,0.47,0.41,0.71,0.029,0.016,0.43,0.39,0.72
989,2019-09-17,0.049,0.043,0.52,0.45,0.77,0.033,0.019,0.48,0.4,0.65
990,2019-09-18,0.036,0.041,0.32,0.33,0.57,0.021,0.023,0.56,0.52,0.53
991,2019-09-19,0.036,0.031,0.4,0.23,0.63,0.019,0.027,0.32,0.41,0.57
992,2019-09-20,0.011,0.023,0.16,0.29,0.61,0.017,0.021,0.35,0.25,0.56
993,2019-09-21,0.025761295822676895,0.041178327645051194,0.40964480408858606,0.366798801369863,0.5583986371379899,0.02,0.017,0.53,0.29,0.48
994,2019-09-22,0.025761295822676895,0.041178327645051194,0.40964480408858606,0.366798801369863,0.5583986371379899,0.02,0.019,0.11,0.23,0.39
995,2019-09-23,0.017,0.041178327645051194,0.15,0.19,0.29,0.016,0.021,0.2,0.31,0.37
996,2019-09-24,0.032,0.027,0.16,0.23,0.37,0.015,0.041,0.21,0.31,0.4
997,2019-09-25,0.037,0.027,0.32,0.25,0.4,0.015,0.041,0.27,0.28,0.35
998,2019-09-26,0.039,0.029,0.33,0.28,0.39,0.016,0.035,0.24,0.25,0.36
999,2019-09-27,0.049,0.028,0.4,0.2,0.43,0.016,0.036,0.27,0.25,0.39
1000,2019-09-28,0.037,0.036,0.35,0.28,0.44,0.017,0.017,0.29,0.28,0.36
1001,2019-09-29,0.041,0.037,0.37,0.28,0.49,0.015,0.02,0.25,0.29,0.49
1002,2019-09-30,0.041,0.027,0.29,0.28,0.19,0.023,0.024,0.21,0.23,0.15
1003,2019-10-01,0.039,0.025,0.29,0.24,0.39,0.019,0.023,0.29,0.23,0.13
1004,2019-10-02,0.053,0.032,0.35,0.24,0.43,0.028654098360655737,0.065,0.25,0.29,0.37
1005,2019-10-03,0.049,0.037,0.37,0.28,0.49,0.028654098360655737,0.076,0.28,0.28,0.43
1006,2019-10-04,0.041,0.037,0.48,0.28,0.35,0.028654098360655737,0.1,0.45,0.35,0.23
1007,2019-10-05,0.053,0.04,0.37,0.29,0.44,0.028654098360655737,0.017,0.32,0.36,0.39
1008,2019-10-06,0.041,0.039,0.36,0.23,0.56,0.028654098360655737,0.013,0.27,0.31,0.52
1009,2019-10-07,0.053,0.048,0.37,0.27,0.44,0.028654098360655737,0.013,0.29,0.33,0.49
1010,2019-10-08,0.061,0.048,0.27,0.29,0.41,0.028654098360655737,0.015,0.25,0.41,0.41
1011,2019-10-09,0.045,0.048,0.39,0.19,0.41,0.028654098360655737,0.016,0.29,0.36,0.35
1012,2019-10-10,0.053,0.059,0.48,0.25,0.49,0.028654098360655737,0.016,0.32,0.57,0.43
1013,2019-10-11,0.061,0.065,0.48,0.31,0.55,0.028654098360655737,0.027,0.37,0.51,0.45
1014,2019-10-12,0.037,0.06,0.47,0.25,0.45,0.028654098360655737,0.028,0.32,0.39,0.45
1015,2019-10-13,0.032,0.039,0.15,0.28,0.52,0.028654098360655737,0.015,0.12,0.33,0.52
1016,2019-10-14,0.032,0.035,0.36,0.12,0.52,0.028654098360655737,0.013,0.29,0.12,0.48
1017,2019-10-15,0.041,0.045,0.41,0.21,0.47,0.028654098360655737,0.015,0.32,0.23,0.41
1018,2019-10-16,0.041,0.045,0.19,0.17,0.48,0.028654098360655737,0.013,0.11,0.17,0.48
1019,2019-10-17,0.041,0.04,0.51,0.2,0.43,0.028654098360655737,0.015,0.32,0.31,0.48
1020,2019-10-18,0.039,0.049,0.43,0.28,0.4,0.028654098360655737,0.016,0.35,0.21,0.36
1021,2019-10-19,0.035,0.049,0.32,0.15,0.48,0.028654098360655737,0.023,0.32,0.15,0.45
1022,2019-10-20,0.036,0.049,0.2,0.23,0.47,0.028654098360655737,0.015,0.27,0.23,0.43
1023,2019-10-21,0.045,0.057,0.4,0.2,0.52,0.028654098360655737,0.016,0.32,0.32,0.49
1024,2019-10-22,0.027,0.013,0.43,0.2,0.4,0.028654098360655737,0.016,0.35,0.23,0.36
1025,2019-10-23,0.039,0.013,0.4,0.17,0.44,0.028654098360655737,0.032,0.4,0.25,0.43
1026,2019-10-24,0.031,0.013,0.37,0.21,0.52,0.028654098360655737,0.013,0.27,0.23,0.43
1027,2019-10-25,0.045,0.013,0.35,0.17,0.41,0.028654098360655737,0.015,0.16,0.21,0.45
1028,2019-10-26,0.036,0.017,0.72,0.37,0.48,0.028654098360655737,0.019,0.45,0.4,0.56
1029,2019-10-27,0.039,0.017,0.49,0.31,0.56,0.028654098360655737,0.016,0.43,0.39,0.61
1030,2019-10-28,0.039,0.013,0.49,0.36,0.51,0.01,0.016,0.43,0.41,0.51
1031,2019-10-29,0.035,0.013,0.41,0.21,0.36,0.028654098360655737,0.017,0.35,0.25,0.39
1032,2019-10-30,0.037,0.013,0.43,0.2,0.37,0.028654098360655737,0.019,0.35,0.23,0.32
1033,2019-10-31,0.031,0.013,0.32,0.19,0.28,0.028654098360655737,0.021,0.27,0.16,0.21
1034,2019-11-01,0.028,0.013,0.29,0.17,0.29,0.028654098360655737,0.015,0.27,0.17,0.13
1035,2019-11-02,0.023,0.013,0.15,0.35,0.47,0.028654098360655737,0.016,0.13,0.39,0.41
1036,2019-11-03,0.023,0.013,0.1,0.35,0.53,0.028654098360655737,0.016,0.13,0.44,0.49
1037,2019-11-04,0.024,0.013,0.19,0.28,0.55,0.028654098360655737,0.013,0.21,0.36,0.52
1038,2019-11-05,0.02,0.013,0.24,0.28,0.55,0.028654098360655737,0.032,0.32,0.29,0.49
1039,2019-11-06,0.031,0.015,0.39,0.39,0.37,0.028654098360655737,0.065,0.31,0.36,0.35
1040,2019-11-07,0.023,0.013,0.44,0.19,0.52,0.028654098360655737,0.015,0.35,0.25,0.47
1041,2019-11-08,0.045,0.013,0.43,0.23,0.43,0.028654098360655737,0.016,0.35,0.2,0.4
1042,2019-11-09,0.057,0.029,0.53,0.47,0.41,0.028654098360655737,0.019,0.37,0.47,0.35
1043,2019-11-10,0.031,0.013,0.39,0.28,0.44,0.028654098360655737,0.021,0.41,0.37,0.37
1044,2019-11-11,0.039,0.016,0.43,0.28,0.44,0.028654098360655737,0.016,0.35,0.31,0.31
1045,2019-11-12,0.045,0.019,0.48,0.4,0.49,0.028654098360655737,0.021,0.41,0.44,0.35
1046,2019-11-13,0.028,0.013,0.32,0.15,0.43,0.028654098360655737,0.017,0.43,0.21,0.39
1047,2019-11-14,0.027,0.015,0.33,0.25,0.59,0.028654098360655737,0.017,0.37,0.24,0.59
1048,2019-11-15,0.027,0.015,0.25,0.31,0.47,0.028654098360655737,0.015,0.4,0.31,0.41
1049,2019-11-16,0.039,0.016,0.51,0.25,0.45,0.028654098360655737,0.016,0.4,0.31,0.39
1050,2019-11-17,0.053,0.013,0.29,0.2,0.51,0.028654098360655737,0.013,0.24,0.25,0.51
1051,2019-11-18,0.039,0.019,0.45,0.27,0.52,0.01,0.013,0.27,0.29,0.25
1052,2019-11-19,0.041,0.024,0.53,0.33,0.36,0.01,0.024,0.29,0.47,0.32
1053,2019-11-20,0.027,0.013,0.43,0.17,0.27,0.028654098360655737,0.029,0.48,0.23,0.28
1054,2019-11-21,0.041,0.016,0.51,0.24,0.41,0.01,0.077,0.41,0.28,0.41
1055,2019-11-22,0.053,0.016,0.4,0.23,0.45,0.012,0.041,0.35,0.43,0.49
1056,2019-11-23,0.023,0.013,0.45,0.32,0.64,0.013,0.015,0.37,0.41,0.61
1057,2019-11-24,0.039,0.027,0.52,0.37,0.48,0.028654098360655737,0.024,0.41,0.44,0.47
1058,2019-11-25,0.027,0.013,0.4,0.23,0.52,0.01,0.023,0.4,0.23,0.51
1059,2019-11-26,0.036,0.013,0.25,0.21,0.43,0.01,0.021,0.11,0.25,0.45
1060,2019-11-27,0.017,0.013,0.21,0.41,0.51,0.01,0.015,0.21,0.44,0.49
1061,2019-11-28,0.023,0.013,0.41,0.2,0.52,0.01,0.015,0.33,0.29,0.49
1062,2019-11-29,0.049,0.015,0.47,0.28,0.45,0.01,0.021,0.37,0.31,0.48
1063,2019-11-30,0.053,0.015,0.48,0.31,0.49,0.01,0.021,0.49,0.45,0.45
1064,2019-12-01,0.025,0.013,0.19,0.25,0.56,0.01,0.013,0.11,0.31,0.57
1065,2019-12-02,0.041,0.016,0.43,0.17,0.51,0.01,0.024,0.41,0.56,0.47
1066,2019-12-03,0.037,0.02,0.4,0.21,0.37,0.01,0.024,0.4,0.27,0.33
1067,2019-12-04,0.057,0.052,0.53,0.44,0.39,0.01,0.067,0.43,0.47,0.31
1068,2019-12-05,0.068,0.069,0.64,0.45,0.24,0.017,0.041,0.45,0.63,0.11
1069,2019-12-06,0.057,0.067,0.59,0.44,0.19,0.01,0.037,0.43,0.53,0.21
1070,2019-12-07,0.041,0.065,0.4,0.57,0.33,0.01,0.043,0.29,0.63,0.31
1071,2019-12-08,0.028,0.025,0.4,0.39,0.21,0.028654098360655737,0.019,0.29,0.52,0.25
1072,2019-12-09,0.028,0.02,0.56,0.31,0.24,0.028654098360655737,0.015,0.41,0.39,0.23
1073,2019-12-10,0.061,0.053,0.49,0.49,0.23,0.028654098360655737,0.032,0.35,0.61,0.23
1074,2019-12-11,0.061,0.027,0.69,0.4,0.52,0.012,0.013,0.49,0.59,0.51
1075,2019-12-12,0.033,0.027,0.4,0.27,0.51,0.028654098360655737,0.016,0.45,0.36,0.49
1076,2019-12-13,0.025,0.013,0.16,0.27,0.56,0.028654098360655737,0.015,0.24,0.31,0.52
1077,2019-12-14,0.028,0.013,0.21,0.36,0.56,0.028654098360655737,0.016,0.27,0.39,0.52
1078,2019-12-15,0.023,0.013,0.19,0.25,0.56,0.028654098360655737,0.028,0.19,0.17,0.56
1079,2019-12-16,0.033,0.013,0.37,0.15,0.43,0.01,0.027,0.45,0.17,0.45
1080,2019-12-17,0.045,0.023,0.52,0.27,0.41,0.011,0.033,0.4,0.19,0.25
1081,2019-12-18,0.045,0.025,0.4,0.27,0.51,0.013,0.013,0.33,0.48,0.51
1082,2019-12-19,0.041,0.013,0.23,0.17,0.63,0.01,0.013,0.13,0.25,0.64
1083,2019-12-20,0.035,0.013,0.45,0.23,0.57,0.012,0.017,0.37,0.17,0.56
1084,2019-12-21,0.035,0.013,0.27,0.15,0.49,0.013,0.021,0.29,0.21,0.55
1085,2019-12-22,0.017,0.013,0.08,0.6,0.56,0.028654098360655737,0.013,0.057,0.71,0.55
1086,2019-12-23,0.029,0.016,0.45,0.41,0.56,0.028654098360655737,0.015,0.45,0.57,0.51
1087,2019-12-24,0.035,0.013,0.35,0.17,0.36,0.028654098360655737,0.017,0.29,0.28,0.35
1088,2019-12-25,0.049,0.02,0.43,0.23,0.29,0.028654098360655737,0.045,0.37,0.35,0.31
1089,2019-12-26,0.036,0.015,0.48,0.28,0.49,0.028654098360655737,0.016,0.39,0.41,0.47
1090,2019-12-27,0.049,0.051,0.53,0.39,0.44,0.028654098360655737,0.04,0.44,0.51,0.43
1091,2019-12-28,0.053,0.056,0.57,0.31,0.19,0.028654098360655737,0.019,0.36,0.33,0.24
1092,2019-12-29,0.057,0.063,0.53,0.28,0.17,0.028654098360655737,0.015,0.4,0.39,0.21
1093,2019-12-30,0.049,0.072,0.68,0.44,0.21,0.01,0.057,0.48,0.49,0.21
1094,2019-12-31,0.045,0.061,0.53,0.51,0.36,0.01,0.032,0.51,0.69,0.36
1095,2020-01-01,0.039,0.056,0.48,0.96,0.39,0.028654098360655737,0.076,0.35,0.57,0.36
1096,2020-01-02,0.041,0.083,0.43,0.53,0.35,0.028654098360655737,0.064,0.31,0.63,0.31
1097,2020-01-03,0.035,0.029,0.45,0.28,0.39,0.028654098360655737,0.015,0.32,0.48,0.33
1098,2020-01-04,0.045,0.037,0.45,0.33,0.21,0.01,0.021,0.37,0.4,0.23
1099,2020-01-05,0.045,0.036,0.35,0.24,0.33,0.011,0.021,0.19,0.23,0.29
1100,2020-01-06,0.045,0.072,0.43,0.33,0.24,0.012,0.035,0.27,0.47,0.32
1101,2020-01-07,0.039,0.047,0.43,0.29,0.37,0.013,0.017,0.32,0.4,0.39
1102,2020-01-08,0.053,0.064,0.56,0.55,0.39,0.011,0.024,0.39,0.65,0.35
1103,2020-01-09,0.068,0.041,0.53,0.39,0.32,0.015,0.032,0.37,0.6,0.31
1104,2020-01-10,0.039,0.031,0.56,0.36,0.51,0.019,0.028,0.4,0.55,0.43
1105,2020-01-11,0.049,0.067,0.55,0.39,0.32,0.015,0.048,0.35,0.53,0.32
1106,2020-01-12,0.041,0.069,0.53,0.4,0.48,0.015,0.052,0.35,0.56,0.45
1107,2020-01-13,0.041,0.056,0.52,0.39,0.55,0.015,0.028,0.35,0.63,0.52
1108,2020-01-14,0.036,0.032,0.27,0.23,0.52,0.015,0.015,0.067,0.52,0.53
1109,2020-01-15,0.027,0.016,0.56,0.2,0.57,0.016,0.037,0.35,0.4,0.57
1110,2020-01-16,0.041,0.016,0.4,0.28,0.49,0.013,0.043,0.27,0.36,0.49
1111,2020-01-17,0.041,0.017,0.51,0.32,0.56,0.012,0.015,0.35,0.48,0.56
1112,2020-01-18,0.039,0.021,0.43,0.28,0.51,0.01,0.016,0.32,0.41,0.51
1113,2020-01-19,0.033,0.013,0.093,0.25,0.51,0.01,0.015,0.15,0.39,0.49
1114,2020-01-20,0.024,0.015,0.21,0.15,0.48,0.01,0.013,0.29,0.17,0.51
1115,2020-01-21,0.039,0.021,0.47,0.15,0.44,0.013,0.045,0.32,0.17,0.99
1116,2020-01-22,0.037,0.024,0.49,0.16,0.4,0.016,0.043,0.41,0.44,0.37
1117,2020-01-23,0.049,0.024,0.49,0.36,0.33,0.017,0.023,0.41,0.49,0.39
1118,2020-01-24,0.08,0.077,0.55,0.6,0.28,0.019,0.043,0.39,0.81,0.25
1119,2020-01-25,0.049,0.065,0.59,0.52,0.25,0.017,0.043,0.35,0.68,0.41
1120,2020-01-26,0.041,0.043,0.53,0.52,0.4,0.015,0.043,0.29,0.63,0.43
1121,2020-01-27,0.036,0.013,0.23,0.19,0.49,0.013,0.015,0.24,0.25,0.52
1122,2020-01-28,0.041,0.013,0.55,0.21,0.51,0.011,0.024,0.35,0.19,0.53
1123,2020-01-29,0.036,0.013,0.45,0.21,0.45,0.015,0.037,0.36,0.24,0.48
1124,2020-01-30,0.036,0.013,0.23,0.12,0.55,0.012,0.017,0.043,0.15,0.55
1125,2020-01-31,0.031,0.013,0.39,0.079,0.41,0.013,0.024,0.21,0.15,0.43
1126,2020-02-01,0.039,0.013,0.19,0.076,0.43,0.013,0.015,0.053,0.072,0.41
1127,2020-02-02,0.028,0.013,0.13,0.11,0.35,0.01,0.021,0.048,0.12,0.35
1128,2020-02-03,0.035,0.019,0.44,0.39,0.39,0.01,0.024,0.25,0.2,0.39
1129,2020-02-04,0.041,0.019,0.43,0.44,0.41,0.013,0.023,0.33,0.57,0.37
1130,2020-02-05,0.053,0.025,0.47,0.41,0.39,0.01,0.016,0.29,0.43,0.31
1131,2020-02-06,0.032,0.033,0.56,0.36,0.43,0.015,0.015,0.35,0.41,0.37
1132,2020-02-07,0.041,0.021,0.56,0.36,0.44,0.017,0.015,0.53,0.44,0.43
1133,2020-02-08,0.028,0.015,0.32,0.32,0.53,0.013,0.013,0.21,0.48,0.56
1134,2020-02-09,0.032,0.021,0.43,0.33,0.55,0.01,0.016,0.28,0.37,0.51
1135,2020-02-10,0.027,0.013,0.24,0.15,0.44,0.01,0.024,0.13,0.16,0.45
1136,2020-02-11,0.035,0.015,0.39,0.28,0.36,0.011,0.028,0.27,0.4,0.32
1137,2020-02-12,0.027,0.016,0.32,0.47,0.36,0.013,0.019,0.29,0.53,0.23
1138,2020-02-13,0.023,0.016,0.35,0.41,0.43,0.019,0.02,0.25,0.53,0.41
1139,2020-02-14,0.023,0.016,0.43,0.16,0.4,0.012,0.013,0.24,0.17,0.35
1140,2020-02-15,0.031,0.016,0.4,0.21,0.31,0.011,0.02,0.24,0.28,0.32
1141,2020-02-16,0.039,0.013,0.16,0.15,0.41,0.011,0.021,0.013,0.19,0.39
1142,2020-02-17,0.029,0.013,0.2,0.24,0.52,0.011,0.028,0.35,0.29,0.53
1143,2020-02-18,0.045,0.017,0.49,0.27,0.57,0.019,0.039,0.35,0.55,0.49
1144,2020-02-19,0.041,0.017,0.4,0.25,0.55,0.013,0.037,0.36,0.28,0.44
1145,2020-02-20,0.049,0.021,0.57,0.29,0.49,0.013,0.025,0.35,0.33,0.45
1146,2020-02-21,0.049,0.016,0.53,0.31,0.59,0.012,0.016,0.37,0.4,0.52
1147,2020-02-22,0.053,0.035,0.59,0.43,0.47,0.015,0.035,0.4,0.48,0.41
1148,2020-02-23,0.041,0.035,0.53,0.52,0.53,0.013,0.02,0.32,0.56,0.55
1149,2020-02-24,0.061,0.031,0.61,0.52,0.51,0.017,0.028,0.32,0.57,0.57
1150,2020-02-25,0.028,0.027,0.27,0.32,0.59,0.012,0.021,0.16,0.47,0.52
1151,2020-02-26,0.023,0.013,0.43,0.16,0.63,0.01,0.025,0.27,0.23,0.59
1152,2020-02-27,0.033,0.013,0.48,0.44,0.57,0.011,0.024,0.28,0.45,0.56
1153,2020-02-28,0.029,0.015,0.43,0.65,0.45,0.012,0.029,0.24,0.69,0.44
1154,2020-02-29,0.031,0.015,0.29,1.0,0.59,0.016,0.019,0.21,1.1,0.56
1155,2020-03-01,0.023,0.013,0.17,0.4,0.61,0.015,0.015,0.087,0.44,0.57
1156,2020-03-02,0.031,0.013,0.1,0.33,0.63,0.019,0.017,0.13,0.39,0.59
1157,2020-03-03,0.035,0.013,0.27,0.28,0.59,0.015,0.021,0.16,0.23,0.57
1158,2020-03-04,0.028,0.013,0.24,0.36,0.39,0.016,0.039,0.24,0.37,0.37
1159,2020-03-05,0.027,0.013,0.11,0.31,0.6,0.013,0.019,0.13,0.31,0.59
1160,2020-03-06,0.021,0.013,0.12,0.28,0.63,0.01,0.017,0.21,0.31,0.59
1161,2020-03-07,0.025,0.013,0.27,0.31,0.6,0.01,0.016,0.29,0.31,0.52
1162,2020-03-08,0.041,0.013,0.59,0.31,0.63,0.01,0.02,0.31,0.39,0.59
1163,2020-03-09,0.037,0.013,0.48,0.41,0.55,0.01,0.025,0.27,0.41,0.49
1164,2020-03-10,0.031,0.013,0.49,0.36,0.59,0.01,0.015,0.32,0.41,0.53
1165,2020-03-11,0.032,0.013,0.45,0.25,0.53,0.012,0.017,0.31,0.33,0.47
1166,2020-03-12,0.049,0.013,0.45,0.25,0.45,0.013,0.019,0.27,0.25,0.33
1167,2020-03-13,0.041,0.013,0.45,0.21,0.52,0.013,0.015,0.17,0.28,0.45
1168,2020-03-14,0.029,0.013,0.24,0.19,0.44,0.012,0.013,0.2,0.2,0.43
1169,2020-03-15,0.045,0.013,0.33,0.41,0.63,0.013,0.021,0.093,0.43,0.59
1170,2020-03-16,0.035,0.013,0.16,0.16,0.59,0.013,0.02,0.21,0.28,0.56
1171,2020-03-17,0.031,0.013,0.35,0.15,0.56,0.01,0.02,0.27,0.2,0.52
1172,2020-03-18,0.053,0.013,0.4,0.23,0.56,0.013,0.048,0.27,0.31,0.49
1173,2020-03-19,0.053,0.013,0.47,0.35,0.53,0.015,0.045,0.27,0.41,0.47
1174,2020-03-20,0.039,0.013,0.28,0.28,0.53,0.016,0.021,0.16,0.41,0.49
1175,2020-03-21,0.041,0.013,0.17,0.23,0.44,0.017,0.019,0.2,0.28,0.37
